Close/Last,Change(%)
0.00029986199609707744,0.42106668957947263
0.0003086220094662053,0.391344891235944
0.00024325883278886488,0.3481202750640587
0.0002479757630645496,0.389027024690389
0.00033759743830255205,0.43938517340989147
0.0003059266207372435,0.3679122783365796
0.0003261420362044619,0.39801940034570493
0.00028032042781209925,0.3596443485248066
0.000268191178531768,0.37909717795008735
0.00019137259975633746,0.34092354442965433
0.000189351058209615,0.38500636296838076
8.355705059783771e-05,0.3223948537712543
7.344934286422806e-05,0.3799317974114542
3.504005347651235e-05,0.3622365863552346
0.00016913564274239614,0.4709626424381047
0.00018261258638720872,0.3944050511850572
0.00021630494549923973,0.40659372329715254
0.0002769511919008959,0.4225293464718901
0.00025471423488695544,0.3731444721315589
0.0002412372912421433,0.3782468566338419
0.00024528037433558733,0.38862818390507525
0.00023988959687766195,0.3830252626394921
0.00020821877931235253,0.36739566496537945
0.00015431100473310266,0.3538790618939427
0.00016711410119567456,0.3940301677685185
0.00011051093788746243,0.3518500277041373
9.433860551368977e-06,0.32379876340564784
0.0,0.3802166985437796
0.000121966339985553,0.4641357070307594
0.00013544328363036557,0.39452037452214717
9.366475833144693e-05,0.3606138667121583
8.760013369128131e-05,0.3824607166470541
0.00010175092451833413,0.3950255213647615
7.816627313991234e-05,0.371620761439591
0.0001388125195415685,0.4240481879090317
0.0001489202272751777,0.3924154450515031
0.0001960895300320213,0.4150259525735435
0.00025471423488695544,0.4215266641572894
0.00026549578980280576,0.3926081116321421
0.0002493234574290305,0.376680745782347
8.355705059783771e-05,0.28793776435990076
2.9649276018587842e-05,0.35265981578520067
0.00010848939634074042,0.436128313090846
1.1455402098090994e-05,0.32625946849742876
8.15355090511157e-05,0.4308330003091406
0.0001644187124667123,0.4378638761512489
0.0001725048786535995,0.39113999606548966
0.00022708650041509005,0.4193203308745148
0.00021293570958803723,0.37778086134537936
0.00020956647367683344,0.38420646457676366
0.0003059266207372435,0.4440215924391071
0.0002816681221765806,0.37207244917752813
0.0005330131211523327,0.5338797261305064
0.000534360815516814,0.386964074017563
0.0005458162176149046,0.3925023900430384
0.000502689997951505,0.3626658676671491
0.0005121238585028736,0.3914386085879764
0.0005390777457924987,0.4010827948165641
0.0005094284697739113,0.36999919383216817
0.000534360815516814,0.39997840793226164
0.000506059233862708,0.37071730497254946
0.0005161669415963176,0.3918059397555432
0.0004925822902178954,0.3732391057042544
0.0005828778126381385,0.43625955633504265
0.0005127977056851142,0.3483139460222329
0.0005545762309840324,0.4092502464444182
0.0006273517266660203,0.42588975019963016
0.000575465493633492,0.3584804814861384
0.0005855732013671016,0.391703988241419
0.000650262530862201,0.4211956946501615
0.0006307209625772228,0.3758377707491906
0.0005956809091007104,0.3675049280214775
0.0006003978393763951,0.38876850572972055
0.0006462194477687578,0.4108999781550864
0.0006933887505256014,0.4113249499174061
0.0006293732682127419,0.3525717589958183
0.0006873241258854353,0.4171968283387446
0.0007297764983665951,0.4085775709552855
0.0006024193809231167,0.31988867046340325
0.0005498593007083486,0.3579370147984518
0.000320751258746537,0.26119977894234236
0.0003079481622839651,0.37878699635763724
0.00037802826923698934,0.42708803289499314
0.00039285290724628283,0.3947011738666927
0.0003012096904615588,0.3340439941954385
0.0003160343284708523,0.3948858892202871
0.00032412049465773947,0.3909294878801987
0.0004258714191760736,0.44528438272229653
0.00045888993110586437,0.4048558662461828
0.0004858438183954891,0.4012975687582858
0.0005707485633578081,0.43335790094339377
0.0006105055471100043,0.40780150272828264
0.000575465493633492,0.36740622642071424
0.0005431208288859428,0.3686936304856296
0.0005882685900960639,0.41090679399714847
0.0005653577858998828,0.37384875226102016
0.0005161669415963176,0.3594914100608358
0.0004979730676758208,0.37620738591651576
0.0004919084430356547,0.38286969165909596
0.000534360815516814,0.4097531511880552
0.0005195361775075205,0.37810207957271535
0.00048786535994221067,0.36880238173712027
0.0005161669415963176,0.40192763095838097
0.0005336869683345733,0.3958722423227462
0.000506059233862708,0.371083828711896
0.0005154930944140765,0.39143389921403304
0.0006084840055632823,0.437437392692792
0.0005855732013671016,0.3739140410567219
0.00048786535994221067,0.3334055124922376
0.0004993207620403017,0.3925810242170215
0.0005653577858998828,0.4227512956023287
0.00028436351090554285,0.23351238237879146
0.0002520188461579936,0.36723882931474616
0.00028503735808778395,0.40578775417371815
0.0003059266207372435,0.3984850927842212
0.00036320363122769586,0.41964185965251855
0.0003645513255921772,0.386999047356082
0.00035983439531649336,0.38351834369284254
0.000320751258746537,0.36376647961317954
0.000320751258746537,0.3862253316328974
0.00029514506582139317,0.37134866108237713
0.00029042813554570846,0.38346495040333123
0.000268191178531768,0.3731946384191958
0.00045552069519466144,0.4966981109530876
0.000506059233862708,0.41451165577103194
0.0005047115394982266,0.3854812505498782
0.0005464900647971453,0.40930018300283866
0.0004716930275684363,0.34537168943532137
0.0004319360438162392,0.36407080584184787
0.0004979730676758208,0.4234245852607514
0.0005262746493299268,0.4018849848439713
0.0004406960571853671,0.3392308952534656
0.00045888993110586437,0.39644960502861587
0.00039285290724628283,0.34929835067569553
0.0004319360438162392,0.40847913730475505
0.0003328805080268682,0.3304264511911167
0.0003261420362044619,0.38232376968280996
0.00036994210305010215,0.41163362430974876
0.0004117206283490208,0.41016554401427446
0.00047236687475067695,0.4205778795018611
0.00046091147265258595,0.3798429880133247
0.0004447391402788111,0.3771869509573034
0.0003510743819473646,0.33364726932235145
0.0003160343284708523,0.366040466664505
0.000342988215760477,0.40190585245723554
0.0002702127200784896,0.34420787557703664
0.00016576640683119365,0.32466643451144894
0.0001644187124667123,0.38540654658428675
0.00021293570958803723,0.41571331822845176
0.00021630494549923973,0.38824419868903093
0.00017452642020032152,0.3612158991882579
0.00011051093788746243,0.34743329956084934
8.625243932679997e-05,0.3712429552583576
4.6495455574603346e-05,0.361490922138167
0.00010377246606505615,0.4222928720752581
0.00012533557589675592,0.39956996928218813
0.00012735711744347794,0.3874683362992495
0.00010377246606505615,0.3717323587987998
0.00017789565611152488,0.4320975235523349
0.00015768024064430602,0.37398734987424315
9.501245269592784e-05,0.34806077823616033
0.00011051093788746243,0.3958421074982566
4.5147761210122e-05,0.34585615084594257
8.625243932679997e-05,0.4121197674672881
4.7843149939084256e-05,0.3623293766973103
2.9649276018587842e-05,0.374773303059073
0.00010040323015385322,0.43101005858233826
0.00014016021390604984,0.4108544456483272
0.0001489202272751777,0.3915879472507518
0.0001374648251770876,0.3792308951187409
0.00019406798848529971,0.4209038659892567
0.00020821877931235253,0.3947513829622309
0.00024325883278886488,0.40725040696321796
0.00022102187577492443,0.3730173500761522
0.0006475671421332387,0.6412139277720162
0.0007823365785813632,0.45791356130239097
0.0007621211631141447,0.3758338544390057
0.000772228870847754,0.39144742224301426
0.000738536511735723,0.3688623940506361
0.0007419057476469263,0.3879763897938296
0.0007162995547217825,0.3729285963574961
0.0006644133216892542,0.35910684034014423
0.00064891483649772,0.3780169050927082
0.0005094284697739113,0.3120538351596014
0.00039285290724628283,0.32192040731424687
0.00026549578980280576,0.31370862004701705
0.00019272029412081837,0.34327469530542154
0.00045080376491897674,0.5417856085853874
0.0005882685900960639,0.46326289940114673
0.0006057886168343205,0.3956897746819806
0.0005633362443531612,0.36339717801207383
0.00040835139243781786,0.3019502050547966
0.0005181884831430392,0.44849932731986586
0.0005276223436944077,0.3914170156886485
0.0004406960571853671,0.3385079744843345
0.0005970286034651918,0.47407834747759015
0.0005215577190542421,0.3455488990945034
0.0005801824239091763,0.41845891611675673
0.0005923116731895079,0.3927915670891619
0.0005990501450119142,0.38986164524274397
0.0006408286703108324,0.40873073488159906
0.0006677825576004576,0.4005879778212582
0.0007028226110769699,0.4047674456861132
0.0007001272223480072,0.38481174357917797
0.000740558053282445,0.4074437180033889
0.0006327425041239452,0.33022004460910137
0.0006509363780444416,0.3959404458607353
0.0007250595680909104,0.42561957227605945
0.0007540349969272575,0.40133582806327606
0.0007014749167124886,0.35901525828273906
0.0007708811764832726,0.42263772183330744
0.0009285614171275786,0.4675112946824843
0.0008483736024409438,0.34645738562941025
0.0009541676100527224,0.4397254756622248
0.001058613923300018,0.4377064415643023
0.0011145432394259903,0.4131202623917119
0.0011596910006361118,0.4076558029929725
0.0011852971935612557,0.3982547377967306
0.0011684510140052406,0.3783572115149999
0.0012156203167620842,0.40834056756538184
0.0012237064829489714,0.3899762321743475
0.0013854298066867214,0.4611069460785775
0.0013975590559670518,0.391644395836203
0.0014696607044667985,0.4183541083179974
0.0014615745382799113,0.3826774590173807
0.0014548360664575046,0.38326366846986537
0.0013941898200558493,0.3595319720256586
0.0015606300740692823,0.4604458724357984
0.001592974738816832,0.4001469838960378
0.0015707377818028924,0.3767184674597786
0.0015673685458916882,0.384778216806997
0.0016064516824616445,0.40302366848815196
0.00143933758126597,0.3149791527099708
0.0015559131437935985,0.4377064415643027
0.0016111686127373293,0.41003162524279546
0.0015774762536252982,0.3718751964603802
0.0014986361333031448,0.35241037100426914
0.0014447283587238954,0.3627179754998358
0.002091621653674893,0.6715709755944959
0.002068037002296471,0.3770882178012587
0.0019662860777781375,0.3466295206070874
0.0019164213862923312,0.36644032963381157
0.0018975536651895941,0.37866649011176806
0.0017964765878535002,0.34558235010810395
0.0018975536651895941,0.4276866282219486
0.0018975536651895941,0.3862253316328974
0.0020040215199836125,0.42903593883901303
0.0020188461579929064,0.39206490068930855
0.0020646677663852687,0.4042238687811522
0.0019851537988808754,0.3552631962001461
0.0020276061713620343,0.40300830666875
0.0020208676995396276,0.3835829033032988
0.0020646677663852687,0.40342318410901923
0.0021199232353289995,0.4077413918488772
0.00229377580834708,0.45322218591941665
0.002251323435865921,0.3703811209554254
0.0022398680337678304,0.38191675874017667
0.002462237603907236,0.4700376960994179
0.0023537482075664954,0.3469342261626143
0.002429892939159686,0.41433873224784856
0.002287037336524674,0.33419198095133434
0.0023321850977347956,0.4030961282355101
0.0022499757415014397,0.35575500822898526
0.0022634526851462522,0.39129548895717725
0.0023308374033703142,0.4115138542566997
0.002364529762482346,0.3987161990188989
0.0022802988647022673,0.35518643742609324
0.002190677189464265,0.3526945401496612
0.0023180343069077423,0.434663065432701
0.0023240989315479084,0.3884788821649144
0.0023449881941973675,0.39397907587132114
0.002364529762482346,0.3934516248952923
0.0023591389850244207,0.3842388424036619
0.0024501083546269046,0.4197797062411759
0.0024015913575055796,0.36861659094377075
0.0023288158618235922,0.35958441226254884
0.0022297603260342212,0.34948881143912786
0.0023173604597255025,0.41930351915832764
0.0020882524177636905,0.3010808472516364
0.0018773382497223757,0.3044616000153418
0.0017681750061993946,0.3421569574776129
0.0017762611723862818,0.3895610406997271
0.0018604920701663598,0.4209161065192887
0.0017055072182510164,0.3234518112394019
0.0016064516824616445,0.34484338680765303
0.0013436512813878015,0.27418496961700467
0.0013807128764110367,0.40293504568558147
0.0014056452221539398,0.39737593059359977
0.0014595529967331884,0.4102048879328238
0.001569390087438411,0.4345212793671077
0.0015639993099804857,0.3839092968827146
0.0016111686127373293,0.4065134537733526
0.0015538916022468765,0.3618301018396183
0.001502005369214349,0.3638611823256017
0.001710897995708941,0.47725139225594343
0.0017122456900734231,0.38678773622043183
0.0015033530635788295,0.2990764219879251
0.0015269377149572513,0.3964995374638261
0.0015289592565039733,0.38710160584449615
0.0012290972604068967,0.25629994431133096
0.001024921564187987,0.2918017462260222
0.0010700693253981094,0.4081078652754295
0.0010606354648467408,0.3817009403018262
0.0010383985078327995,0.375537211923955
0.001111174003514787,0.42138713319869486
0.0013227620187383424,0.48673873762363984
0.0014359683453547675,0.4375004255619094
0.001836907418787938,0.5634126658870465
0.001904292137012,0.41364536355375237
0.0020862308762169685,0.45928656517549615
0.002099707819861781,0.3914518402553752
0.0021367694148850145,0.4005618432593647
0.0021488986641653466,0.39088484126842366
0.0021131847635065936,0.3725366381606061
0.0020592769889273433,0.36542488317576416
0.00229377580834708,0.4776305676335554
0.0023254466259123897,0.3980456157891069
0.002276929628791065,0.3682210090339362
0.002259409602052808,0.3796664250631728
0.002224369548576296,0.37306560339677575
0.002125314012786924,0.34878452441005736
0.0021219447768757215,0.3849282515136885
0.0021131847635065936,0.3828507977662229
0.0022041541331090774,0.42132608840431
0.00221763107675389,0.3913382910301816
0.002190677189464265,0.37602474019138055
0.002352400513202014,0.4477335650294737
0.0023052312104451704,0.3688057415654734
0.002472345311640846,0.4484669660655044
0.002489191491196861,0.39231560844957825
0.0024790837834632517,0.38258194097957793
0.0025767916248881414,0.42150719829981775
0.0025848777910750294,0.38909602549524336
0.0026441763431122043,0.407247780235977
0.0027385149486258914,0.4193321547399104
0.002800508889392029,0.4076370048412575
0.002778945779560329,0.3788544344615105
0.0028665459132516096,0.41627716949137367
0.002807247361214435,0.3661751538326599
0.0027991611950275476,0.383464333558364
0.002807247361214435,0.3889900365743917
0.0027452534204482973,0.365057679728141
0.002783662709836013,0.3994762833876505
0.0028207243048592474,0.398929587589049
0.0028139858330368406,0.38392962996371555
0.0029656014490409806,0.4379362679479249
0.0029824476285969966,0.39183024289380153
0.003031638472900562,0.40254724705088885
0.003004684585610937,0.37735214668296213
0.0028934998005412348,0.34946504541118656
0.0029170844519196566,0.39416469646038865
0.00291034598009725,0.3839656538130179
0.002886761328718829,0.3783077710590243
0.0029170844519196566,0.39644434330873846
0.0029218013821953404,0.38780710610681324
0.00306196159610139,0.43319055472821394
0.002874632079438497,0.32485419715206304
0.0027620996000043132,0.34822601513104245
0.002840939720326466,0.413348104849038
0.002768838071826719,0.36174320379885133
0.002632047093831873,0.33921907810281654
0.0026670871473083854,0.3985476226176297
0.0027277333937100407,0.40742551417156814
0.0027196472275231535,0.3834274452235821
0.00283420124850406,0.4259159832806928
0.002851047428060075,0.3919518177209288
0.002768838071826719,0.3583575760627082
0.003679879462216041,0.6992916113012189
0.003884055158434949,0.4471283138065071
0.003898879796444243,0.39052030477848304
0.004080818535649212,0.43882665493083284
0.0041124893532145206,0.39515378981288274
0.004244563400933684,0.4232981617846579
0.004256018803031774,0.38938396690794513
0.0044177421267695225,0.4307495348168148
0.0043860713092042135,0.37769054444850236
0.004466932971073088,0.40810696872408153
0.004508711496372007,0.3974119742886309
0.004646850168731335,0.4230135757668859
0.004662348653922868,0.39028035056585053
0.004717604122866602,0.40065394314917646
0.004606419337796898,0.3573941627277404
0.004565988506862459,0.37559240014964673
0.0045814869920539954,0.39032244418799206
0.004555880799128852,0.3794696304245976
0.0047580349538010385,0.4397353636101048
0.004559250035040054,0.3349398021106872
0.004658979418011665,0.41261218624708945
0.00467380405602096,0.39009807712269345
0.0047546657178898334,0.4073097452566809
0.004787010382637384,0.39457361972988214
0.004646850168731335,0.3501954834978628
0.004788358077001865,0.4232494175424698
0.00473984107988054,0.37375555900022733
0.004733102608058135,0.38448286725884423
0.00494536447046393,0.4411594428401892
0.00447973606753566,0.2688502694779824
0.004397526711302304,0.364249490444544
0.004508711496372007,0.4162673586485714
0.004635394766633243,0.41996284332650646
0.0046953671658526595,0.4019393633019197
0.004636742460997726,0.37098075517261087
0.004753318023525352,0.4167653471258526
0.00480318271501116,0.39909778351640485
0.005012749188687992,0.43998834435508294
0.005342934307985899,0.46877705826756505
0.005539697685200159,0.4335233229802431
0.005671097885737082,0.41710212190317525
0.005667728649825878,0.3854453148157547
0.005758698019428362,0.40729376616337004
0.005654251706181065,0.3622806293392206
0.005700073314573429,0.39685368981228464
0.005792390378540394,0.4075283960763092
0.005910313635432501,0.413158647740508
0.005741851839872347,0.34824590711692177
0.005986458367025694,0.44240764776998887
0.006156267856950329,0.4241920852258564
0.006316643486323597,0.4214336769308124
0.006220283339263188,0.3654263523414978
0.006240498754730408,0.3906332754015514
0.0063954836066457505,0.4199473829941594
0.006333489665879612,0.37295384409891685
0.006216914103351986,0.361107283213993
0.006241846449094889,0.3916637358226531
0.006417720563659693,0.42448708059594065
0.006580791581761923,0.4210545980667808
0.006671760951364405,0.4053317229476456
0.006697367144289549,0.3915539858443877
0.0066333516619766905,0.372938079188468
0.0068334842751021545,0.42803525684380045
0.007396146672273076,0.5014326396200955
0.007386038964539466,0.3842653908994682
0.007322023482226607,0.3738005480356069
0.007078090802255501,0.3385929692171309
0.00723779258444653,0.4181484688745064
0.0072647464717361535,0.3915309532683403
0.007308546538581794,0.39482481032365585
0.007374583562441376,0.3991367808287457
0.007210838697156905,0.35440969146674434
0.0071421062845683616,0.37266104822830376
0.007226337182348439,0.4029584493379632
0.007219598710526034,0.3848974722072745
0.007158952464124377,0.3742668856557997
0.007109761619820811,0.3764690465212865
0.007415014393375813,0.4470559616920468
0.007310568080128516,0.3660085288982436
0.007409623615917889,0.4055887888321977
0.007253291069638064,0.3559500020914881
0.007328761954049014,0.4010590962645347
0.006803161151901328,0.2836576030339294
0.007010706084031439,0.42884947641481347
0.006862459703938502,0.35639692977640786
0.006951407531994265,0.40438542385883386
0.007337521967418141,0.4643675196877186
0.007362454313161044,0.39108668827798626
0.007502614527067095,0.41348967502114004
0.007404906685642203,0.36746729434164516
0.007702747140192559,0.4439306523446985
0.007729701027482184,0.39130518213491683
0.007718245625384093,0.3840717078400118
0.007615147006501279,0.36682242531560494
0.00798576295673362,0.45663779159503054
0.008026193787668057,0.39365272350758157
0.008130640100915354,0.4053438031258422
0.008319317311942728,0.4204442296288463
0.008307861909844637,0.38418171489306335
0.008282255716919495,0.3816527092349698
0.008270800314821403,0.38417513223299377
0.008120532393181744,0.3593047371559287
0.008037649189766148,0.3711800651723976
0.008080101562247307,0.3939881605598446
0.007916356696962838,0.3563954425996182
0.007967569082813125,0.39569197657552224
0.007785630343608155,0.3527477312439777
0.007893445892766655,0.4063917598102138
0.007829430410453798,0.3743676387162204
0.007997892206013952,0.41761051113140674
0.007974307554635528,0.38189736946968555
0.008186569417041326,0.4252590291377537
0.008154224752293774,0.38038798851187333
0.008687911720628348,0.4828152968462178
0.00888400125066037,0.42012475572078295
0.008932518247781695,0.3944769788169163
0.008683194790352664,0.3439902747046935
0.008662979374885447,0.38272916117915196
0.00876405645222154,0.4037359132422185
0.00840893898718073,0.32522354426055233
0.008359748142877165,0.37751741058790533
0.008224978706429041,0.3622666999021679
0.008158941682569462,0.3743474063279469
0.008782250326142035,0.49898883314023734
0.00876405645222154,0.38310473901203423
0.008561902297549353,0.35149945646837477
0.008193307888863733,0.32182243367411256
0.011596236159178878,1.0
0.010866459660812285,0.28482208140653165
0.011295700315899559,0.4489579323527536
0.012212806330929048,0.5162959504970402
0.012340837295554765,0.4033047988704862
0.012503908313656997,0.4078002361326808
0.012439892831344137,0.37784365992170027
0.01255309915796056,0.401108233708141
0.01260700693253981,0.39326157439463233
0.012638677750105121,0.3903450475768399
0.012629917736735993,0.38508811085276445
0.0124857144397365,0.3674945839382137
0.012308492630807216,0.36299446145409664
0.011540306843052905,0.2843798386666468
0.011677097821047751,0.40530459282153347
0.012254584856227966,0.4660323432753054
0.01250929909111492,0.42011276664216324
0.01279164106047374,0.4231802486472176
0.012524123729124214,0.35182805702059
0.012244477148494356,0.3496576626187201
0.01186914426798633,0.33625804218520794
0.012135313904971377,0.4225411427283615
0.013024792185528999,0.5054813577978686
0.013405515843494947,0.43447619566681045
0.013691900895947212,0.4216892618068937
0.013897424286530603,0.4112450321134434
0.014493779042813557,0.4579520040026919
0.014604963827883257,0.39914798502152804
0.014820594926200255,0.4111311524478487
0.015270050996754752,0.43751803508236664
0.016540252935278325,0.5276600442883148
0.01518110316869899,0.2446127864823433
0.015548349883020129,0.42731522276549455
0.014757927138251876,0.2995179700857108
0.013961439768843464,0.29501203286741773
0.014362378842276632,0.43426871540607825
0.013915618160451098,0.33391178134625227
0.014144726202412913,0.41375208984273104
0.014848896507854363,0.46971361078450646
0.014712779377041758,0.37071573550143766
0.014491757501266831,0.36085031614337787
0.014202003212903363,0.35254427074205796
0.014200655518538881,0.38606607065863174
0.013809824152839323,0.34003607684101134
0.014119793856670008,0.42369872441467804
0.014491757501266831,0.4303897153179324
0.014298363359963772,0.36374518168947667
0.014480302099168743,0.4076073255281856
0.014857656521223492,0.43011742094372896
0.014935148947181162,0.39505077439682446
0.01524848788692305,0.42175853056135715
0.015604953046328342,0.4259634225440906
0.015310481827689189,0.354019698478472
0.015168973919418658,0.37050305119574745
0.01597287360783172,0.47623004187018114
0.016215458593438346,0.41224779663613476
0.01604497525633147,0.368165541265946
0.016538905240913844,0.43901169789234107
0.016845505708833326,0.41817282893075514
0.01675790557514205,0.3772369230896578
0.016381898847451778,0.3474751757070564
0.01591694429170575,0.33738949612484526
0.015034204482970534,0.2912557783709497
0.015101589201194598,0.3938254216762863
0.015138650796217831,0.3903900105021415
0.014844179577578678,0.3532018526750638
0.014840810341667475,0.38584133051454905
0.015487029789436231,0.4598904829671516
0.015435143556403706,0.38051489051254866
0.013704703992409785,0.19524881981802109
0.013868448857694258,0.4061439841499447
0.014365748078187836,0.4461394796784356
0.013871818093605458,0.3283995589941663
0.014092839969380384,0.412848593844172
0.013454032840616272,0.3102597433147841
0.013358346540738104,0.3744106769092455
0.013230315576112386,0.37032576907280823
0.013410232773770635,0.40874225578997003
0.013379909650569805,0.3824713920794628
0.013376540414658602,0.3858074654808566
0.013474248256083492,0.3983459095749376
0.013934485881553837,0.4429833592086029
0.013922356632273508,0.38476963516545015
0.014052409138445947,0.4018446740840839
0.014264671000851742,0.4115261345479336
0.014644720811635453,0.4309759901329743
0.01521479552781102,0.4519235916200284
0.01461844077152807,0.31962330365454206
0.014982318249938006,0.42822215822547777
0.014817225690289051,0.36755204429379856
0.014881241172601912,0.3935322534473872
0.015012641373138836,0.40117071861611014
0.014918302767625145,0.3755726244084259
0.014859004215587973,0.379494525000704
0.015206035514441892,0.42574502101567874
0.01512719539411974,0.37741613256602463
0.015034204482970534,0.3757903546997148
0.01375389483671335,0.24182362080850997
0.013627885413634352,0.3709413982220258
0.013750525600802147,0.4012118351637928
0.013678423952302402,0.37747824348258335
0.013247161755668403,0.3336831152216241
0.013305786460523335,0.39355480275187976
0.01316966932971073,0.36926783598488455
0.012862395014609007,0.3476271959395061
0.013493115977186228,0.4669664825977014
0.013503223684919838,0.38747044070895537
0.01356858686159718,0.3942721715206567
0.013834756498582224,0.4188658427451043
0.013905510452717488,0.3947665388899349
0.014119793856670008,0.4119861388054965
0.014421003547131567,0.42198888146480046
0.014299711054328253,0.372069746698541
0.014572619163135708,0.41829585579704914
0.014346880357085097,0.3601046624514954
0.014741080958695862,0.43242506211784015
0.014208741684725773,0.3252049612715924
0.014338794190898212,0.4015880749135487
0.014270735625491908,0.3782452954082541
0.01427275716703863,0.38646328453297285
0.014089470733469181,0.364653428068342
0.01411777231512329,0.38959155062969636
0.017209383187243264,0.7533445581575312
0.018086732218520557,0.4746445581351422
0.01832123103794029,0.40888515930863345
0.019402755765436493,0.4895965278796122
0.01982391025433688,0.42455482559576363
0.018292255609103945,0.2493758589268965
0.019193863138941898,0.47251624937573455
0.019687119276342032,0.43153514583247476
0.020175658483466485,0.430135690103802
0.019860971849360115,0.3585315336913958
0.020119729167340512,0.4093075269900806
0.020067842934307988,0.38164817619762453
0.02067093616241334,0.4395458505261214
0.021181712326551735,0.43024414869776495
0.021094112192860455,0.3788339303505709
0.021095459887224936,0.3863394551308608
0.020974167394421626,0.37595478601067217
0.021710682364610625,0.44890297368806353
0.0215974760379942,0.376876007017622
0.021897338034091277,0.4111028599830809
0.02372009466205216,0.5356420723672863
0.02197819969596015,0.25309673923806764
0.022040867483908527,0.39134591262072693
0.022281430927968433,0.4058329983925716
0.022335338702547683,0.39057776364823393
0.022445175793252902,0.3950747077666372
0.022318492522991666,0.3760623634580579
0.02327872475768455,0.4636405345372655
0.023240315468296836,0.38324091946296085
0.02364125454173001,0.41742362095042956
0.023455946566613834,0.3720211526109885
0.02269113001477073,0.3271936242380099
0.02240811419822967,0.36373631382522137
0.02146944507336848,0.31081317943304754
0.02234072948000561,0.4588847123301894
0.021486291252924495,0.31739930243470915
0.021129152246336966,0.356462595594016
0.02024843397914847,0.3117529346430288
0.02087511185863225,0.44120472730505506
0.020947213507132,0.3923864241169289
0.02149976819656931,0.4333003359749682
0.022668893057756788,0.4836030647819708
0.023036139772077927,0.41543257162000546
0.02415337840023288,0.47383701268629197
0.023835996377397545,0.36235253181238747
0.024564425181399663,0.4416588349681553
0.024446501924507553,0.37748660110474763
0.0247342346713243,0.40763870517181056
0.02458935752714257,0.37555438573243766
0.024993665836486937,0.41615983528774214
0.02509474291382303,0.39360172947381494
0.02476657933607185,0.36236210685089243
0.024631809899623724,0.37631034103510136
0.0249532350055525,0.40998699348134704
0.024023325894060442,0.31826509563592137
0.024470086575885973,0.41999011549294085
0.02415337840023288,0.3626756487599983
0.024486932755441993,0.4113145798519045
0.024470086575885973,0.384973450448854
0.02482183480501558,0.41238051133428744
0.024945148839365612,0.39527967388897356
0.025810368621362573,0.4494760506261985
0.025465358864055376,0.3617554652835306
0.02577061163761038,0.40813578875461354
0.024528711280740908,0.2980225933196319
0.02304961671572274,0.27647563023730765
0.025145281452491078,0.550478988351717
0.024906065702795657,0.36886115678667525
0.024598117540511694,0.363681920696352
0.023978178132850324,0.34034021136851805
0.023982895063126,0.38658241424240936
0.023587346767150758,0.3562865957520459
0.024160116872055284,0.43021743321296574
0.024707280784034672,0.4273717081910949
0.0246048560123341,0.378673940839582
0.024372378734461082,0.36902257806000294
0.024567794417310863,0.40080743490260384
0.0245219728089185,0.38283012228795577
0.024687065368567455,0.39847827340163516
0.02532048171987364,0.4329585458632408
0.025492312751344996,0.398621632891168
0.02472614850513741,0.3312831544727356
0.024708628478399153,0.38493451832635733
0.024838680984571596,0.3958131481114861
0.024351489471811625,0.3504747325401795
0.025246358529827168,0.45305189337367796
0.02534945714870999,0.393682477024145
0.0254774881133357,0.39545242489230503
0.025313743248051235,0.37447700706000425
0.02711830600209162,0.5164415416884366
0.02837166176105918,0.47128783893716436
0.028337295554764906,0.38398549491006734
0.028083255167060193,0.3696500783552411
0.027227469245614602,0.3299351812989463
0.026930976485428727,0.3661751538326597
0.025583282120947487,0.2941920624817826
0.025745005444685234,0.39778600193328334
0.02638044333753814,0.431395544859522
0.026371683324169014,0.38561599065540164
0.02689256719604101,0.42246840811466035
0.026930976485428727,0.3888516250265744
0.026993644273377106,0.39050487864842465
0.0272456631195351,0.40339986064687566
0.027229490787161328,0.38513233860960644
0.027318438615217086,0.3922399856819274
0.028007110435467,0.43265771495326877
0.0286041390389322,0.4255912136957926
0.028942410324416988,0.4081113157419444
0.028957908809608524,0.3872175306721115
0.029557632801802673,0.4246006302961163
0.030120295198973593,0.4215704449306473
0.03008997207577277,0.38435264812792563
0.03006099664693642,0.38443424969022105
0.030098058241959658,0.3885182447182119
0.02994644262595552,0.37685566551798055
0.029899273323198673,0.3832970003417254
0.03024630462205259,0.4078001635846204
0.02940062640834061,0.3341948963891581
0.029742940776918844,0.4078321921886373
0.030782013131933884,0.45113048586647
0.031115567487142996,0.40642400351720953
0.03161623594354778,0.416249244253803
0.03168159912022512,0.39008868011429765
0.03146933725781932,0.37370289948742075
0.03193227027201863,0.41370325531775726
0.03209129820702742,0.39554032200613337
0.03249560651637179,0.4098008666343038
0.03201178423952303,0.3583326083226434
0.031364890944572024,0.34841935302578403
0.03318764757253291,0.4947438606525357
0.03259668359370789,0.3528033396574429
0.032857462453235,0.40121700892960044
0.03214992291188235,0.3458442200983189
0.032424852562236525,0.40223012664347985
0.03238240018975536,0.38377306244160114
0.03284061627367899,0.4127258272826747
0.033172822934523616,0.40519408140582897
0.03298414572349625,0.37555033799744436
0.03332578624489224,0.4056554194636327
0.0328507239814126,0.3594597103190033
0.03227323694623239,0.35326049650730534
0.02986558096408664,0.24655259858691206
0.030588618990630832,0.4312221596189665
0.030077842826492437,0.3551179289241365
0.028221393839419524,0.27142933174538564
0.028403332578624492,0.3981399568822101
0.02865939450787592,0.4028975990443676
0.02911963213334627,0.41595087159540417
0.029035401235566194,0.38086249256341476
0.02956908820390077,0.42029300156431854
0.02892556414486097,0.3458148025179344
0.028140532177550644,0.3359419586963332
0.028189723021854213,0.3894549984284655
0.02904685663766428,0.4424130461060594
0.030114904421515667,0.4543794842670816
0.029813694731054115,0.36762033424889495
0.029929596446399497,0.3934495715841103
0.029775959288848637,0.37668249174317353
0.02967218682278358,0.3797497203207712
0.030037411995557997,0.4090880147275114
0.02999159038716564,0.3833884471310047
0.03003067352373559,0.38864836529030344
0.02937367252105099,0.345541171808687
0.03035951094866901,0.4485028417762731
0.032569729706418256,0.521750866826933
0.03275840691744564,0.3970801912140513
0.03306298584381839,0.4036562928591567
0.03417483369451542,0.4493219566184634
0.03416472598678181,0.38566877909309843
0.03445784951105648,0.40236971863490595
0.03452523422928055,0.3899078144606089
0.03433992625416437,0.3761165810215895
0.03385677782449785,0.35973904169061216
0.03463304977843905,0.4293351947142226
0.0345858804756822,0.3836595233771489
0.035541395780099405,0.43826611857478437
0.036143815161022524,0.41822652220352474
0.03702385958102878,0.4322589008844909
0.03649960647324557,0.3594021977415007
0.03659259738439478,0.3910459546493751
0.03776846071740467,0.4470393966412251
0.03836144623777641,0.41601401655038345
0.037665362098521844,0.35175610371713173
0.03818422442884713,0.41235615209906856
0.037291376912378306,0.3418233979247695
0.036115513579368416,0.3264601512052539
0.032776600791366135,0.21144705159856242
0.03477792692262078,0.5007027459492456
0.03532037390432448,0.4156196350248867
0.03342012485040592,0.28470314281711956
0.03587292859376179,0.5240636840788805
0.03519099524533428,0.35030745279761183
0.035965919504911,0.4277656603033407
0.03744636176429365,0.46401617624192554
0.03830214768573924,0.42955629649936045
0.037854039309549226,0.3640038707943519
0.038736779118284444,0.430477466810155
0.03746186024948518,0.32365763611966886
0.03756967579864368,0.39168227130564226
0.03820646138586107,0.41837019858269936
0.03831562462938405,0.3916511825568199
0.03822802449569277,0.38188269603157854
0.03754406960571854,0.35224771538946
0.03589516555077573,0.30293655411081605
0.03662426820196009,0.4246058190811121
0.03647467412750267,0.37849467709343915
0.037571023493008164,0.44309547293169105
0.03751711571842891,0.38350416295466006
0.037405930933359206,0.3806054949549734
0.038105384308524975,0.4216759607787959
0.038851333139265344,0.4233926566905759
0.03850632338195815,0.3693397914119626
0.03867950210779399,0.3947711559788289
0.03878057918513008,0.3911925529819116
0.03897262563206865,0.39564034171099155
0.03737560781015838,0.3082884229536068
0.038821010016064514,0.4595378500082422
0.03864917898459316,0.3778094758543845
0.03751913725997563,0.33065158116301213
0.03602319651540145,0.31061673526968747
0.037961854858707726,0.48794478514501183
0.03476781921488717,0.22652607700275346
0.034065670450992444,0.3481669303923698
0.03579071923752843,0.48148836349121993
0.034015131912324394,0.2925069132631769
0.03473951763323307,0.42628265257186965
0.03488911170769048,0.39433978823751376
0.03407038738126813,0.34198944155746824
0.032869591702515334,0.3199217176495104
0.033065007385365115,0.39737446209990435
0.03517077982986706,0.5057198582409905
0.03488911170769048,0.3711183752979417
0.036297452318573384,0.4623183441906318
0.0357752207523369,0.3590145147893583
0.03577387305797242,0.3861541698394718
0.03679272999752024,0.44002550664804063
0.03659596662030598,0.37609988978733333
0.03536080473525892,0.3223498306400453
0.03530554926631519,0.3832763613119927
0.03449154187016852,0.3427196610623022
0.0340400642580673,0.36157473763322506
0.03327524770622419,0.34396055060422126
0.03471728067621912,0.4675838290044151
0.03490461019288202,0.39639263369199024
0.03466337290163987,0.3731965156595887
0.03504072732369462,0.4067353692045021
0.034901240956970815,0.378718708576949
0.036026565751312654,0.4470075816844695
0.03704879192677168,0.43985590694256743
0.038669394400060376,0.4690912694794827
0.038959148688423845,0.4004681350882645
0.03986547314853748,0.4304694804237857
0.04059861888281528,0.4212625965357788
0.039655232827678404,0.3418948816127739
0.039794719194402216,0.3929241135578742
0.038143793597912694,0.30719731200135464
0.03821926448232364,0.3899822199289175
0.03850632338195815,0.40048890213842814
0.03820780908022555,0.3714945916124787
0.037921424027773286,0.3719913092073645
0.03766199286261065,0.37324123250181923
0.0384773479531218,0.42729143333343306
0.038502954146046944,0.3874897945414494
0.03877047147739647,0.39942753478375737
0.03865456976205109,0.38054192283430854
0.039395801662515766,0.42267330802766157
0.039261032226067645,0.3797136809964942
0.04017544285236817,0.4305470333058554
0.04139375855785921,0.4440331706242679
0.04143082015288245,0.38793584832673544
0.04144429709652726,0.38684682146124794
0.04106492113292579,0.36873567142810554
0.040960474819678495,0.3813689926207301
0.04068082823904864,0.37319213924519984
0.04101101335834654,0.4017119367231519
0.04098069023514571,0.38481370854086405
0.04174078985671313,0.4216342901710831
0.041462490970447755,0.3734800382617967
0.04143418938879365,0.3849211279884013
0.04060535735463768,0.3480065908391332
0.04096586559713642,0.4031632919442617
0.04008986426022361,0.34540344446901544
0.03905146575239081,0.33685703118528204
0.03705889963450529,0.28916640814776773
0.037542721911354056,0.41095831050927667
0.03648612952960076,0.3328533984301844
0.03735202315877996,0.4311282512065308
0.03668491444836174,0.35236911717996006
0.03758450043665298,0.43264308208181285
0.03667480674062813,0.3403207752211426
0.03766670979288633,0.43741951762784975
0.038442307899645284,0.42528453042729925
0.038765754547120786,0.40221092687626203
0.03943960172936141,0.4192721179737284
0.03847600025875732,0.33971482844909057
0.0390993089023299,0.41700601562465567
0.03877720994921888,0.37055346145889934
0.0385885327381915,0.37697475516519763
0.039513051072225636,0.4317576976769828
0.03917814902265205,0.37008827405924266
0.03923407833877802,0.38894153798923015
0.0390413580446572,0.3768782027347372
0.038792708434410406,0.37411058429404426
0.0386747851775183,0.38044585398916225
0.0392071244514884,0.4123889759095291
0.039707119060710935,0.4104909799425802
0.0392320567972313,0.36343821344006083
0.03790323015385279,0.3217728286348934
0.03802587034102058,0.3923659847271354
0.03829743075546355,0.39978206596425847
0.03899621028344708,0.4208813808385625
0.03924553374087611,0.3983859002544725
0.039571001929898326,0.4020066095999696
0.04006291037293398,0.4098955528648216
0.04031021228881629,0.3979900611355752
0.03998002716951839,0.3706068848461854
0.03969835904734181,0.37280001527864187
0.03992275015902793,0.3969908054273665
0.04081761921704348,0.42893463289099915
0.040421397073886,0.3676991266451891
0.04014511972916734,0.3731901270184918
0.038019131869198176,0.28527884199114295
0.03852788649178984,0.4116273334289669
0.0394510571314595,0.43175736559417915
0.04105144418928098,0.4634510610420792
0.041728660607432806,0.41772279178421745
0.04263498506754644,0.4277436004727954
0.04325492447520782,0.4140631810998827
0.042998862545956376,0.374880454924563
0.04369157744929974,0.4170862287883662
0.04357702342831883,0.3811972296043499
0.04406017185798536,0.4074839991178545
0.04456892648057703,0.4083819444293691
0.043679448200019406,0.3479003037248509
0.04271921596532652,0.34406710641789723
0.04257433882114479,0.37973167446935857
0.04305816109799355,0.40797972694268864
0.04273269290897133,0.37174409109484957
0.041957768649394614,0.35150200235365064
0.04248673868745351,0.410334307797642
0.04334454615044582,0.4248693666842299
0.04292339166154543,0.36760190528160475
0.04243283091287425,0.36433479060516044
0.04259455423661201,0.39351953361565134
0.04163432200191912,0.3430688750391761
0.04115723819689276,0.364324399782854
0.04153661416049423,0.4038281161771753
0.04199348255005337,0.4072440399707176
0.04174213755107762,0.3747787769307743
0.041822999212946486,0.3899284535821068
0.044117448868475816,0.49111279868835545
0.04552242024344751,0.4473387693708401
0.045037250272234264,0.3657296727163302
0.045079702644715426,0.38803673064193317
0.043826346885747866,0.3327929337296771
0.04223741523002447,0.31668236887377604
0.04154806956259231,0.35500014793182133
0.0415096602732046,0.38445872420621535
0.03816603055492663,0.23230545968614344
0.036387073993811386,0.2977176845177068
0.038308886157561645,0.4861345744577733
0.03642885251911031,0.2930105694304995
0.03818961520630505,0.47766565128674177
0.0377226391090123,0.3630053054801013
0.03712830589427607,0.3563355339141452
0.03538304169227286,0.29716093958684836
0.03572805144958006,0.4046278089232324
0.03401647960668888,0.29574041217903124
0.03036961865640262,0.1845673079660092
0.03178941466938362,0.4732577658899896
0.030180941445375253,0.29162532439173977
0.028046193572036963,0.25462776338994997
0.03097405957887247,0.5790368154402067
0.03229345236169961,0.4656736179349199
0.033519854233377534,0.4573307578112058
0.03298212418194952,0.35608894245650285
0.03245180644952615,0.3560629392889435
0.03233186165108732,0.3793019328320817
0.032792099276557664,0.4128805751338163
0.03147809727118845,0.3110957369867068
0.0314241894966092,0.38302638115364585
0.028706563810632774,0.22470732910198882
0.03035277247684661,0.4923925588671888
0.029995633470259082,0.3643219935389385
0.030871634807171894,0.44052809678428384
0.024476825047708383,0.0
0.02115273689771539,0.13911400022137554
0.02189059956226887,0.4485576775899265
0.02115475843926211,0.3258900785659864
0.021203275436383433,0.3903235569798608
0.022559729814233806,0.5005773032653591
0.022673609988032473,0.3953206012964446
0.023742331619066102,0.47120559844306453
0.02328546322950696,0.35133683892112505
0.024308363252148225,0.4656847366922492
0.025421558797209736,0.46948618004122017
0.02324368470420804,0.22966269009132959
0.023442469622969024,0.4016914219936742
0.02164329764638656,0.24728760791536125
0.022358923353926103,0.4454865719083786
0.02174100548781145,0.3364867009919403
0.021860276439068044,0.3960635484951934
0.021858254897521318,0.3860593750662952
0.02144720811635454,0.352478110034749
0.020964059686688016,0.34589761851062334
0.02153009131977014,0.43441492053651104
0.020109621459606902,0.2680577206511067
0.019535503660337895,0.33555746475265136
0.018604246854481355,0.3019655016696681
0.018184440059945444,0.34662081030141806
0.019198580069217583,0.48377531016203124
0.018873111880195362,0.3563345714863984
0.01929157098036679,0.42522236660167356
0.019265964787441643,0.38388339025990675
0.01972418087136527,0.42818147216126345
0.018337403370314066,0.26178178532388957
0.019718790093907344,0.5181580445239562
0.020933736563487185,0.4952751054236259
0.02033266487692855,0.3349883441195771
0.020795597891127858,0.42669391967898135
0.021241684725771152,0.4244696798159136
0.021848821036969952,0.43732785186116846
0.02211970760423068,0.4084736719816663
0.022024021304352513,0.37845046578843083
0.021850168731334434,0.37204563016785797
0.022335338702547683,0.4260709636142055
0.023213361581007213,0.45696605005169055
0.021838713329236342,0.2791507115324044
0.021926313462927623,0.3934229702112134
0.023366324891375835,0.5041313219588763
0.023755808562710916,0.41638861753289924
0.020026064409009066,0.10154783178742371
0.018945887375877348,0.29055339676341696
0.019920944248579528,0.47679453050310167
0.02099303511552436,0.4816123475596048
0.02115745382799107,0.40020651124585604
0.021907445741824884,0.44957006144733974
0.022036824400815086,0.39682661663821156
0.02255096980086468,0.428138620909353
0.021610952981639012,0.31112347714473004
0.02173763625190025,0.39672968509061457
0.02144720811635454,0.3622657620727262
0.022242347791398474,0.452594510829945
0.02253075438539746,0.4095465795696474
0.02280905327166284,0.40847723995489654
0.023282093993595755,0.42364384862287596
0.023164170736703647,0.3770638273868102
0.023486269689814664,0.4113611544594671
0.023017945898157432,0.3501191997369123
0.023594085238973165,0.4314363826473045
0.023509180494010847,0.37970578808663175
0.02324166316266132,0.36561835377166757
0.022957299651755775,0.3640992683447466
0.02276323166327048,0.3709610692487884
0.0231318260719561,0.4154333359191452
0.02318775538808207,0.39059527653400894
0.023143955321236427,0.3828103326324723
0.022391268018673652,0.3274424031449042
0.021920922685469697,0.34841319922333147
0.022153399963342712,0.40526430569301747
0.023922248816724348,0.5297600247501979
0.02415472609459736,0.4038606628244916
0.025182343047514308,0.4635166854555829
0.02466684995310024,0.3488555780117142
0.02538314950782202,0.4391119417871219
0.025237598516458043,0.375747938049232
0.02637707410162694,0.46866921438404546
0.026156052225852013,0.3708494401217875
0.027763177755495895,0.4988697785928979
0.026678283792088496,0.3141282678168166
0.026051605912604716,0.3430682096171617
0.026572489784476717,0.4228646668631665
0.02650982199652834,0.38189429610562703
0.026636505266789578,0.3949989961469866
0.027025315090942414,0.4130387727724461
0.02748353117486604,0.417419053845734
0.02760482366766935,0.3943592792191628
0.028551578958717426,0.44946551476174856
0.028490932712315772,0.38229505921739426
0.02894375801878147,0.4156274825934023
0.029085265927051997,0.3952841607051852
0.02865939450787592,0.35908197628082283
0.02913782600726677,0.41712596614736236
0.029043487401753082,0.380222328704925
0.028786077778137166,0.36979782072652034
0.027891208720121612,0.32865682944237806
0.028482846546128884,0.4253810778330264
0.028327187847031296,0.3761157646389503
0.028160747593017864,0.3753622039125462
0.02852664661297452,0.41023326953327577
0.028897262563206863,0.41026252375673333
0.028981493460986947,0.39162529701128607
0.02826317236471844,0.34029487053032764
0.02677801317506011,0.28909573522070187
0.0269869058015547,0.4005632190876829
0.027267900076549043,0.40537874348701936
0.027178952248493277,0.38021825405416104
0.02763649448523466,0.4172157777018047
0.02760617136203383,0.3842019240324754
0.02707383208806374,0.3506683489035656
0.02593907343317053,0.309098701034182
0.026075190563983136,0.39583685176427474
0.025447164990134878,0.34208513434120535
0.025216035406626345,0.36962476689991636
0.023468749663076407,0.2597090249847433
0.02407386443272849,0.4329081920978088
0.023659448415650507,0.35496304320257
0.023762547034533323,0.39412267197078954
0.02314597686278315,0.3391765745541561
0.02234072948000561,0.32334241811435394
0.022898001099718603,0.43111423237966523
0.022416200364416557,0.3482436537265854
0.021594106802082996,0.32019962428328974
0.02122888162930858,0.3559209476168004
0.020922281161389094,0.3604053305098934
0.02041824346907311,0.343239402206178
0.020211372384125237,0.36820657632556775
0.019596149906739548,0.33216557734297536
0.019313134090198487,0.3606862013553954
0.020866351845263125,0.5281466453023709
0.020576597556899657,0.3614567976239415
0.020997752045800046,0.4226643958538808
0.021287506334163514,0.4108594974645892
0.02178143631874589,0.42772158299203944
0.02217226768444545,0.41841143032882805
0.02140542959105562,0.32404585476817743
0.021752460889909543,0.41524067676523513
0.02114262918998178,0.3359456559410895
0.02120866621384136,0.3918062484174965
0.02253075438539746,0.49765556792327953
0.022571185216331897,0.38945805439154113
0.02273627777598085,0.39940492612944317
0.022342077174370086,0.3549558190463984
0.022493692790374227,0.3984375084748225
0.022294907871613243,0.3703082060678357
0.023605540641071256,0.49198794987064
0.024274670893036192,0.43758360581286515
0.024442458841414105,0.398790315335034
0.02476994857198305,0.41060102340449617
0.024105535250293797,0.33735031115544956
0.02419380923116732,0.3928767362249674
0.023768611659173485,0.3542900383113119
0.023260530883764056,0.3474638099130687
0.02327737706332007,0.3875351835508528
0.02374031007751938,0.42219718122898725
0.02478814244590355,0.4662484489072541
0.025012533557589672,0.40272108299893794
0.024955256547099222,0.3820481659462694
0.02492291188235167,0.38386166691750445
0.025366303328266,0.41866447009099145
0.025445143448588156,0.39190393054114137
0.025152019924313488,0.36517065275626215
0.025637189895526734,0.4214344498001845
0.026368314088257808,0.43839157424375336
0.026873699474938274,0.4213940279312499
0.025984221194380656,0.3253677786411101
0.02626925855246844,0.40632131456147924
0.026226806179987277,0.3832612392131582
0.026332600187599052,0.3936226859486331
0.025199189227070328,0.3072583653252752
0.024559034403941738,0.33984595331631634
0.023930334982911236,0.3396263740136872
0.022179006156267857,0.2534120654227859
0.022441132710159458,0.40747436528276376
0.0227005638753221,0.4070410717264631
0.0234370788455111,0.4447290259092811
0.02274975471962566,0.3331372667977822
0.022289517094155317,0.34973645049848356
0.023065115200914275,0.44882610024633285
0.022057039816282303,0.3072611499935651
0.021838713329236342,0.3684415220342886
0.0236560791797393,0.5355486489076524
0.025546220525924247,0.5310280524727984
0.025056333624435313,0.35116102253803244
0.02562236525751744,0.4274416224662757
0.025664143782816357,0.389207791748527
0.02414124915095255,0.2776670778937089
0.024647982231997496,0.4243576090703922
0.02403343360179405,0.34082059080078947
0.02393572576036916,0.37884361500490854
0.02490943493870686,0.4600526025430872
0.024995687378033662,0.39253870367718025
0.024432351133680495,0.3451171527297455
0.025205927698892735,0.4438251700435534
0.027055638214143245,0.5202055608452287
0.026872351780573796,0.3737603382857586
0.027183669178768962,0.4075264289960922
0.02763514679087018,0.4168002622957596
0.027829214779355477,0.3991757058311676
0.027819107071621867,0.3855550483189022
0.027426254164375583,0.3601651709226351
0.027135152181647637,0.3666673767111721
0.02727935547864713,0.39600666253234545
0.02709606904507768,0.3738517598023437
0.026583945186574805,0.351443117122069
0.025868319479035267,0.3367867072430235
0.026230175415898484,0.41183889199068074
0.02584136559174564,0.35904198646664615
0.02680159782643853,0.4542573086827219
0.026651329904798873,0.3759194045134548
0.025711313085573197,0.3214312426699466
0.02610079675690828,0.4139440848144085
0.026088667507627946,0.38537358295072865
0.0259269441838902,0.3748639832342426
0.027320460156763808,0.4846654012936887
0.02743097109465127,0.3936758275989674
0.027829214779355477,0.4129775834305411
0.02663246218369613,0.30686378725586005
0.027219383079427718,0.42670656191276646
0.027610214445127276,0.4126621316330875
0.02810886135998534,0.4195275051100947
0.028199830729587816,0.3922040402575605
0.02985749479789975,0.4948552979067862
0.029493617319489816,0.3635746080161221
0.02950709426313463,0.3870735776309848
0.028866939440006033,0.3459502368808046
0.029796174704315857,0.44585404095016656
0.02972946383327403,0.38206498725249743
0.02964186369958275,0.38075119361184956
0.029939704154133107,0.4048870096840165
0.031233490744035107,0.46656159583551654
0.03161286670763658,0.40889775943489687
0.030960582635227656,0.3476677747342939
0.03097405957887247,0.3870371764573624
0.030640505223663357,0.3661400907138467
0.03090532716628392,0.4023288645773145
0.03223752304557363,0.46660612008210606
0.03208792897111622,0.37753835289292836
0.031754374615907105,0.3667736594644752
0.0318736455671637,0.39324710589340334
0.03177930696165001,0.38069025981537075
0.03184669167987408,0.3901896099989699
0.03208792897111622,0.4003901792497235
0.03191205485655141,0.3759689953986384
0.0321175782471348,0.39827069892151573
0.03117486603918017,0.33129591885883164
0.03253738504167071,0.46779154718006943
0.03181502086230876,0.34462913804219336
0.03235207706655453,0.41778842607139877
0.032183615270994385,0.3764741980158118
0.03230288622225097,0.39316198132962105
0.03404208579961402,0.4870354258880143
0.03333252471671464,0.3470161684715718
0.03354141734320924,0.39799244247436155
0.033288724649869005,0.37207180067668255
0.032027282724714556,0.3150819245707287
0.03175909154618279,0.37055849413346165
0.032055584306368665,0.4036782360881173
0.03194103028538776,0.37953883468831606
0.03251851732056797,0.42004295065078695
0.03251851732056797,0.3862253316328974
0.032823770094122975,0.403812106489748
0.0333898017272051,0.418560415167718
0.034523886534916066,0.45000941777593906
0.03451040959127125,0.3854901235221986
0.034705825274121034,0.39688965670172655
0.03523479531217992,0.4149438302799648
0.03544031870276331,0.39723000181254703
0.036442329462755114,0.43959241341894717
0.03710135200698645,0.4204382089032034
0.037008361095837244,0.38147664378600876
0.03697466873672521,0.3845008157655024
0.03707102888378562,0.39116158087952635
0.03668019751808606,0.36625205910858893
0.03591335942469623,0.34665256449997217
0.036415375575465495,0.4126395374861321
0.03719164752940669,0.4265525657279105
0.03654475423445569,0.353264786401126
0.03671186833565137,0.3948786452631994
0.03719569061250014,0.41117323473304
0.037271161496911086,0.39007034392792594
0.037715900637189895,0.40884121152621783
0.03793490097141809,0.3972409588093975
0.03922531832540889,0.4507874308592502
0.03843354788627616,0.3478157409229041
0.038145815139459416,0.3720018221274235
0.03871184677254154,0.41440061698619834
0.03877047147739647,0.3891040979234716
0.03854473267134586,0.37515590170541285
0.038900523983568906,0.40376636642762603
0.03937356470550183,0.4093499547812646
0.03897262563206865,0.36684305817932694
0.037240838373710256,0.301711468634679
0.038550123448803784,0.45285500463654094
0.038140424362001484,0.36602917088036446
0.03818624597039385,0.38850648531886983
0.03660607432803959,0.3076461229438866
0.0372630753307242,0.42019303968129706
0.03840861554053326,0.4444899901109283
0.0390197949348255,0.4164558913064545
0.03960671583055708,0.41483598516631814
0.039159955148731544,0.364745508543568
0.041077050382206125,0.4793689977302918
0.04190588241636209,0.4247521802498624
0.042688892842125695,0.4219537892144857
0.04239240008193982,0.3729272097455747
0.0455951957391295,0.5308089584909921
0.046737366713027355,0.4344036009205142
0.04979124214294185,0.5120968988525284
0.04878047136958092,0.3469642373096143
0.04631621222412696,0.2886463648591244
0.042813554570840205,0.2406289827531981
0.040922065530290784,0.3016190812948099
0.04186545158542765,0.4302309817505638
0.03932976463865619,0.27041918534032233
0.04227312913068323,0.5286604785404998
0.04334454615044582,0.4347190457778271
0.04156828497805953,0.30767916865368583
0.044705717458571874,0.530464137650843
0.04281557611238693,0.30501707982905585
0.04159389117098468,0.3315817988221967
0.038123578182445474,0.2267739912950621
0.04075832066500631,0.5174451098804811
0.03829743075546355,0.27100608023440437
0.03321662300136926,0.1342421001857268
0.037348653922868756,0.6197266934431536
0.029862211728175436,0.006251818038537804
0.03337834632510701,0.6050672311213465
0.03094373645567164,0.249253241215602
0.03265396060419834,0.4892992351973634
0.03143766644025401,0.31641453702989897
0.03260679130144149,0.4556834954269702
0.038753625297840454,0.739495363261187
0.038153901305646304,0.3568051933624421
0.04011142737005531,0.4836458181409875
0.03935132774848789,0.3501061016514793
0.04151774643939149,0.49100945902960363
0.041182844389817896,0.37081131495388575
0.03772466065055902,0.22586050239588973
0.039813586915504955,0.49127498986575363
0.03786616855882956,0.29304539319627165
0.04199146100850665,0.592967012239058
0.040412637060516864,0.31432056825329546
0.04174752832853554,0.4492202688746558
0.04107368114629492,0.3553696812199963
0.04223606753565999,0.44026099723372086
0.044610705005875946,0.49379210535969364
0.044087125745274985,0.3636855300260106
0.04642200623173874,0.4878530461535173
0.04602106715830557,0.369594854315389
0.04513361041929467,0.3491149748843149
0.04217879052516954,0.260397444254047
0.04498132095610829,0.5133350328438049
0.0446214865607918,0.37085375457298697
0.045560829532835224,0.4266544218090187
0.046822945305171906,0.43950053303711123
0.04585934383456782,0.34657648973069777
0.047055422583044924,0.43640598519041746
0.04601432868648317,0.3435860152251936
0.044413941628661684,0.3192935478162354
0.04584654073810525,0.4481526756963628
0.04626028290800099,0.4035881261552921
0.04694289010361074,0.4146316034980914
0.048135599616176646,0.4351838339854589
0.04942062619270951,0.4377483191892171
0.051125459563778286,0.45291190219364214
0.04935324147448545,0.3190774453916996
0.04920162585848131,0.3802871068410661
0.05088961304999407,0.45252876627463
0.05399133162984766,0.5042591023890184
0.05573929122057983,0.44913671767994323
0.0561119287123589,0.3992394587577938
0.05722040732714473,0.4246951179424363
0.05590775301613999,0.3415050631172331
0.0575997832907462,0.44515005906372906
0.05552096473353387,0.3158446777045394
0.05422313506053843,0.3407310015368243
0.05396572543692251,0.3769982007767079
0.056583621739927335,0.4804890818784535
0.056117319489816825,0.37016993055238034
0.056245350454442546,0.3906682467672751
0.05586934372675228,0.3732052827544576
0.05584912831128506,0.38552087491452475
0.05688348373602441,0.4222823686463948
0.05610855947644769,0.35967677718396657
0.05773253118564759,0.4425885229717668
0.05989423294627551,0.45925270313851185
0.056049934771592765,0.26080374382973515
0.056967714633804484,0.4181102249296576
0.05859370788455111,0.44185317076616604
0.057884146801651735,0.3625886232861842
0.059012840831904785,0.4242606667534153
0.058891548339101464,0.38221207923460665
0.059183324169011654,0.3958982848115906
0.060971714590678266,0.4452368594995897
0.060454873801899706,0.3696462386343195
0.059009471595993575,0.3394837524570821
0.06072441267479596,0.44297133337635514
0.05846702461428987,0.3135333534368142
0.05877025584629815,0.39634723200171523
0.06077697275501073,0.4528821774484299
0.0609939515476922,0.39320670306540284
0.06154852777867624,0.40400873288097583
0.06307748703518021,0.43483415093082123
0.06329716121659065,0.39304817976593187
0.06561654321786288,0.45802499547693637
0.06759091546182791,0.4452854929872501
0.06739078284870244,0.38040560010768004
0.06451345538053499,0.30231730746826835
0.06670143718127029,0.45274111964052655
0.06569268794945607,0.3565183945345785
0.0650693793058835,0.36760065975017203
0.06551883537643799,0.39977780442930055
0.06760304471110823,0.4486597081531488
0.06637462129788359,0.3505096626429248
0.06711787473989499,0.4082163910333294
0.06503568694677146,0.3252694249432235
0.06547166607368114,0.3993779222568464
0.06700129917736736,0.4320783384676767
0.06561317398195168,0.345520601427574
0.06729779193755324,0.4366204272536748
0.06829845500318056,0.41544493824438705
0.06830384578063849,0.3863805413104748
0.07096891138640016,0.46295133298147007
0.0724345290077735,0.426904119350146
0.07283209884529547,0.3970462778056219
0.07316026242304666,0.39511050742642406
0.07224383025519941,0.3615191221117609
0.07201135297732639,0.379881840253341
0.06988873435326842,0.3281275273215941
0.07386645427003483,0.4982596143702559
0.07388464814395532,0.3867113293665749
0.07470000323446647,0.4080000910550768
0.07990884195318648,0.5238763104532921
0.07939537040031913,0.37350632190031074
0.07857125529643885,0.3656846173414619
0.07858810147599486,0.3866494458968626
0.08224372243965025,0.47823917608652466
0.08249169820271479,0.3922000384424552
0.08269183081584026,0.3910333596352645
0.0828468156677556,0.389940047016183
0.08187175879505341,0.36289700905535305
0.08537239490679346,0.47093803756913577
0.08690000646893295,0.421731705692282
0.08990873413763732,0.45497202297649103
0.09344980108031181,0.4645216148799948
0.08448089508468912,0.1951784356828047
0.08183267565848347,0.32404692526190243
0.07705172990048625,0.2704769537479083
0.08245598430205604,0.5248565753665895
0.07973903246326185,0.3209255014344153
0.07874645556382141,0.36158825990367516
0.08351594591972054,0.5060439172202984
0.08431580252504016,0.40521434757832375
0.0811049207016636,0.3106938132515119
0.08076125863872087,0.3778333491917239
0.07891356966501709,0.3409214592272609
0.08112378842276634,0.4416372225782376
0.08193577427736629,0.4060490116493047
0.07847219976064948,0.3024724933074223
0.07998296514323296,0.4243060154007624
0.08352605362745415,0.47391165363462295
0.08461229528522604,0.4120102744499132
0.08589799570894115,0.4163675511186268
0.08795120807322832,0.43366682990475747
0.08851723970631044,0.39900952507508486
0.08479625556597772,0.3027030020457019
0.08870591691733783,0.477692653566098
0.089339333268644,0.4004140047750693
0.09087233560824143,0.42032995074080587
0.09002800508889391,0.3677475800591217
0.08951655507757329,0.3749311602330011
0.09263781522571186,0.4555311418465949
0.09278740930016928,0.3894388298487758
0.09175709695852335,0.36412720917950164
0.09091276643917587,0.3679197033045751
0.08984471865532448,0.36286167830683375
0.08773086004463564,0.3394538030212859
0.08872613233280503,0.40875866280351364
0.08791279878384062,0.3680104770105807
0.08680903709933047,0.36128564806858854
0.08835416868820821,0.42156585556754633
0.08532792099276558,0.318176307048616
0.08705027439057261,0.42627820868664346
0.08186299878168429,0.26789809400840325
0.08453817209517957,0.4509691366309735
0.08123632090220052,0.3087506883086087
0.08155168138348913,0.3939142288557782
0.08450784897197874,0.45803241203130574
0.08972881693997908,0.5087724769913291
0.09219307608543305,0.44081785724685363
0.09490194175804034,0.44468693104652657
0.08862707679701567,0.2545422947749814
0.08282660025228838,0.25618178487422283
0.08719312999320762,0.49071948742162214
0.08745458269991697,0.3921799211852555
0.08637777490269648,0.36177172790232703
0.08784878330152775,0.42003243488333175
0.08722210542204396,0.37205548494471236
0.08726590548888961,0.3872225592751171
0.08734339791484728,0.3879888034671974
0.08496808659744909,0.3322173370172405
0.08531983482657869,0.3944385192990275
0.08409141141335404,0.3576560581458498
0.0859586419553428,0.4302622071956665
0.08613721145863656,0.39034855045957345
0.08708194520813792,0.40799590197632674
0.08700445278218025,0.3844582674558691
0.08804554667874201,0.4099858439089304
0.08704488361311469,0.36364806462469895
0.08813853758989121,0.41117422426313616
0.08846535347327791,0.3935915466647913
0.08673491390928399,0.3473613841055293
0.0839101465213313,0.32156351505388625
0.08418979310196117,0.39283425316026865
0.08446539659949757,0.39271786540468634
0.08645728887020086,0.43300188496558517
0.08680566786341927,0.3942247707512362
0.08601052818837533,0.3680380752520559
0.08667628920442906,0.40158899759090505
0.08620931310713631,0.3755288000557756
0.08661564295802741,0.39558130188263746
0.08625176547961746,0.37788474542857897
0.0844391165593902,0.34450788716621744
0.0843346702461429,0.383771833892245
0.0837026015892012,0.3713600016707131
0.0839943774191114,0.39313736902833885
0.08535891796314864,0.4184425397980778
0.08474706472167416,0.372001823647772
0.08514126532328492,0.39545289174316084
0.08710418216515185,0.43196887019397806
0.08177876788390422,0.2648195033361994
0.08669448307834955,0.5053120007674963
0.08624165777188386,0.37585503610714677
0.08856440900906729,0.43968863180569573
0.08764325991094436,0.36555956728206074
0.08795996808659745,0.3934026339785788
0.08572616467746978,0.33577827228451584
0.08342969348039375,0.3330605936659638
0.08454693210854869,0.4127755646174671
0.08684138176407802,0.4400569299274269
0.09022207307737921,0.46352133442385896
0.08917760994490626,0.36320871857540976
0.0887786924130198,0.37733510240281026
0.08730970555573525,0.3533457143534228
0.08382254638764003,0.3069074916456932
0.08472011083438453,0.4074589281984525
0.08430771635885329,0.3765689254485377
0.08597346659335209,0.42541340342782336
0.0881284298821576,0.43597575531217037
0.08795120807322832,0.38223042666654555
0.08885281560306628,0.4065887254729539
0.08835888561848389,0.3751788371678402
0.09407108818233766,0.5146648486334187
0.09288848637750537,0.3611955580578203
0.09626513460771313,0.4585714648614216
0.09954340114931376,0.45407971005010234
0.09759261355672715,0.34713549680418865
0.10007910965919505,0.4370137779970194
0.09721997606494809,0.3292311829367987
0.09670111373462281,0.37558788237832036
0.09735811473730742,0.39976476981028514
0.09351246886826019,0.3074921538943709
0.09207178359262973,0.35555713814083295
0.09447741803322876,0.4382088028406803
0.08644852885683173,0.21700057824778346
0.08919108688855107,0.44920579150013584
0.09004822050436113,0.40532452499255245
0.08711428987288547,0.3214504116039018
0.08306109907170812,0.293833284241029
0.08013323306487262,0.31634984036338765
0.08074778169507606,0.40140710483401326
0.07489744045886297,0.24275656898812478
0.08114400383823356,0.5508824660343623
0.08079360330346842,0.37767276430964436
0.08433264870459617,0.47296651988141214
0.08340610882901532,0.3644339663638993
0.08566551843106814,0.4399329114711054
0.08633936561330875,0.401835956796878
0.08667628920442906,0.3939719192400397
0.08250652284072409,0.2907128678533454
0.08333737641642679,0.4061824811067973
0.08563182607195609,0.44080914247112724
0.08485353257646817,0.3681882228242787
0.0819708143308428,0.31882741007138615
0.08124508091556965,0.36868355977617856
0.08329357634958114,0.4361651253965796
0.08402806977822341,0.4037074092618121
0.08351257668380935,0.37405908614969907
0.08672345850718591,0.4624563137249575
0.0898467401968712,0.45772955150570876
0.09103068969606798,0.4124209933567797
0.09018164224644477,0.36767556977021404
0.09208189130036333,0.4281188438809404
0.09325101616155082,0.4114863280569757
0.09381030932281054,0.39816339721732597
0.09926173302713717,0.5019148258954157
0.1024321840195793,0.4499293548368586
0.09971994911106079,0.33336357775709624
0.10551705641987687,0.502188410441532
0.10400224795419995,0.3575391114781507
0.10029137152160085,0.3149589756505572
0.09900769263943246,0.36068886730727767
0.10028261150823171,0.4119059944607943
0.09684464318444007,0.3178273959224639
0.09964110899073865,0.4437720764704645
0.10107438194736444,0.41491794057582
0.10042614095804897,0.37342656493073667
0.09971860141669632,0.37216841620610064
0.10004204806417182,0.3926955172128815
0.09791740789856712,0.34385742089638655
0.09675367381483758,0.3625315705211919
0.09348214574505935,0.3188413165576867
0.09420450992442131,0.4016072830509477
0.0946391413569665,0.3954117108301185
0.09658858125518863,0.4272457409234174
0.09290600640424362,0.3102494829733029
0.09317891451305108,0.3920714389727505
0.08948757964873694,0.30737516905997864
0.08885955407488869,0.37227602190986964
0.09275236924669276,0.47327980451639856
0.09223013768045628,0.3750204281162676
0.09122138844864207,0.36446338279457524
0.09155831203976238,0.39357148524973046
0.09524223458507186,0.46626264994966327
0.09779813694731054,0.4396776087846016
0.10197733717156689,0.47141479355063215
0.10221857446280903,0.3909474011577353
0.10257032269193862,0.3930948313412763
0.10114176666558851,0.3584189741667628
0.10623942059923881,0.4868076138206758
0.10637419003568696,0.3887606443815282
0.10983641685803928,0.45127742492259204
0.11112683421203005,0.40972862470040455
0.11522719431596425,0.4600653424598014
0.11550145011913618,0.3909932128824114
0.11440981768390637,0.3672913630560483
0.11374473051503488,0.3745825853414849
0.11419418658558939,0.3941380650974067
0.11689159685609858,0.4335318184174973
0.11819549115373419,0.4085791652777211
0.11664362109303403,0.35990593274461957
0.11679051977876251,0.3887489580128727
0.12249800541234056,0.4841563044113455
0.1223726698364438,0.384172411553949
0.12094815689318712,0.362869396638506
0.12404448469558281,0.43757429759856925
0.1251933941413031,0.40481509642800223
0.12619203566538367,0.4022391436457935
0.12501617233237378,0.3675151628103617
0.13144467445094932,0.4894526531074608
0.13172634257312593,0.39053238271147206
0.13156259770784146,0.3837266978594876
0.13297430755463555,0.4077932207080216
0.13482738730579724,0.41424295528446325
0.13625257409623617,0.4074841879817864
0.13405111535185607,0.35372272784114456
0.13089077206714753,0.33881736462393597
0.13188469666095246,0.40148642799096196
0.1349992183372686,0.4336950832282261
0.13323036948388697,0.3598730267319954
0.13047770374443404,0.34468452490306234
0.12457951935828186,0.29538257171462756
0.11915370184688037,0.29880119877177125
0.12332346821058533,0.45638999398751107
0.12219275263878555,0.36782571023865485
0.12757005315306574,0.47451659689243186
0.1288099319683885,0.40574624709374957
0.12856734698278188,0.38244188780819477
0.12678839042166662,0.35842900681054163
0.12620888184493967,0.37704657045511997
0.12819673103254953,0.4178515861721822
0.12926814805231213,0.40301351084449244
0.1281697771452599,0.36915398402061167
0.12986113357268386,0.41273286246582763
0.13029913424114029,0.39300259167450025
0.13339209280762473,0.433926223802496
0.1358381580791582,0.4230954961886831
0.1340120322152861,0.35918384151047505
0.13353360071589526,0.37904638867869983
0.13111448933165143,0.3497991804323564
0.12951747150974116,0.36174494829874226
0.13090559670515683,0.407759640269619
0.13281258423089778,0.4155027073889133
0.1312088279371651,0.3619485252852168
0.12789349980054124,0.3354409585276316
0.12507681857877545,0.34198830017781
0.13018458022015936,0.4682057545908908
0.1370443445353689,0.4921103097320393
0.1447396793565568,0.49919886649389766
0.14362783150585978,0.370751457621272
0.1464579896712704,0.42591159083757835
0.1454809112570215,0.37278318344930444
0.14930836325214825,0.4392274531500949
0.14965876378691337,0.39095588069886833
0.14761700682472428,0.3587239629636174
0.14799436124677903,0.3913768923318626
0.14769113001477074,0.38209601485216005
0.15070322691938634,0.42732562836327437
0.1494835635195308,0.3699085940807644
0.14730703712089357,0.356875056268245
0.14621540468566377,0.3712919150808807
0.14824368470420807,0.4141746739052572
0.14604694289010364,0.356359966675805
0.1466534053541202,0.394591709194881
0.14732051406453842,0.3953911078818125
0.1466534053541202,0.37710017182230865
0.14434884799085726,0.3545617409548278
0.13904567066662354,0.31222417452601947
0.13994188741900357,0.39919741067590764
0.1446251253355759,0.45358741654737844
0.14827063859149767,0.4370001923464296
0.14556851139071278,0.34949563661912036
0.14273161475347976,0.3469634371876794
0.13625594333214738,0.2948618105911982
0.13502954146046944,0.36811902310105366
0.13637049735312828,0.40619850680733754
0.13654569762051086,0.388809824504526
0.12973984107988054,0.2859535718590683
0.13458480232019063,0.4612606408578728
0.13626268180396978,0.411297545945977
0.13878960873737212,0.4235304837571041
0.137145421612705,0.36238402046181745
0.13622898944485776,0.37278107845125275
0.13606726612112,0.38383722505961143
0.13787317656952489,0.4129234835590093
0.14331112333020668,0.46558968659663735
0.1440927860616058,0.3972099885850597
0.14651863591767206,0.42013476274680467
0.1469768520015957,0.3925266825020099
0.14571675777080573,0.36894948137327843
0.149685717674203,0.4411000070156009
0.1499148257161648,0.38931074982021935
0.15287975331802353,0.42609453583921303
0.1633311231145756,0.5240949707654348
0.16153868960981554,0.3640641061738957
0.1648405408027946,0.4274927544236029
0.1690588241636209,0.4379107890196254
0.17081082683744653,0.4071665270522512
0.17467870966350768,0.43199163372083066
0.1760061886125217,0.4015910808946476
0.19758951385968884,0.6342048716137835
0.19725932874039095,0.3828394393653375
0.2043482010975623,0.4590380872766701
0.20335764573966858,0.3763983959623139
0.19528495649642594,0.30575513598710913
0.20155847376308614,0.45130413722186946
0.20155847376308614,0.3862253316328974
0.19909893154790784,0.3614927154763158
0.20029837953229615,0.39843334171488254
0.1939507390755895,0.3219996513291084
0.21021741005487812,0.5561107072173435
0.2190448081422303,0.4713906089937692
0.2121109206369743,0.32198514716187626
0.21069584155426896,0.3726929332280969
0.21694914340546195,0.44642122404938295
0.20905839290142425,0.31242429138110667
0.2216795506247911,0.5086569970635186
0.21696262034910677,0.34303648101930284
0.20860017681750062,0.3080174023577429
0.21325646084678332,0.4314913688049676
0.20360023072527522,0.29437146805610204
0.19917979320977672,0.34221320102982594
0.21528474086532762,0.5500763856476898
0.21123491930006147,0.3480594241252348
0.20223232094532675,0.29978184157023524
0.20026468717318413,0.3665041324200798
0.18653842007094265,0.2473194161017072
0.18772439111168615,0.39909515209087415
0.20202342831883216,0.5404306678003695
0.18806131470280646,0.24614343823144474
0.1841125702148764,0.3437158302135104
0.1835600155254391,0.3801515198788237
0.19269738331662192,0.4869625661175252
0.19488738665890395,0.40924354071658653
0.19650461989628146,0.40303548997784616
0.20529832562452158,0.4768904442651287
0.2011002576791625,0.34476760794601363
0.1989372082241701,0.36442540248840705
0.19614074241787152,0.35774006697967475
0.19496150984895044,0.37404498384949214
0.19974582484285885,0.43593678388042034
0.19414615475843927,0.32941340327328433
0.18278509126586237,0.2676904714835647
0.18665297409192355,0.42904544045861315
0.18037945682526335,0.31818797859699977
0.1814104430140915,0.3977886007186756
0.1842203857640349,0.4175649270217967
0.18544678763571282,0.3996984768426839
0.17585120376060637,0.2814943047500506
0.17832422291942945,0.4146634386429833
0.17132295069594938,0.30681196481717493
0.16568958825241778,0.31976475501605073
0.15951040959127125,0.3108941347491882
0.15428135545708402,0.32005665037944764
0.15426787851343923,0.3860491320609582
0.14720596004355752,0.2938888551514454
0.15022479541999548,0.42755042973228696
0.14464534075104313,0.31135029382646273
0.1506830115039191,0.4703067652795231
0.16177453612359977,0.5346279707696624
0.16279878384060553,0.3990083565607316
0.1668688208213389,0.4367076603910249
0.15814923828314523,0.28066070719547076
0.1606492113292579,0.4181269380878017
0.16340524630462208,0.42085796284626115
0.16596586559713644,0.41787014200807365
0.17672720509751916,0.5172040357279329
0.1707906114219793,0.3182907008902385
0.15815597675496762,0.2367100263023763
0.1602988107944928,0.41356842396775334
0.17531212601481388,0.5752885251503003
0.17541994156397236,0.38746888363727916
0.1619160440318703,0.23056444475192645
0.1560872659054889,0.3135421634104867
0.15438917100624255,0.36427585239643
0.1476304837683691,0.29792169202417706
0.15680154391866397,0.5114154698678413
0.1595575788940281,0.42169067433450513
0.16109395046953676,0.40566101166661095
0.15497541805479187,0.3095472954340607
0.1599821026188397,0.45139628989678793
0.15657243587670214,0.343203958180724
0.1513299047988701,0.3186664153359705
0.14065616543217865,0.24401033663578267
0.14174779786740846,0.4018490480227205
0.1518555056010178,0.5298000548774963
0.1494566096322412,0.35437119912993376
0.14569654235533852,0.3355121895343467
0.1405079190520857,0.31447790240722867
0.15157922825629913,0.5448441100994675
0.1618419208418238,0.5227433839996405
0.16366130823387348,0.40892275109971526
0.1750291101982728,0.5264960777433396
0.17692262078036897,0.40809988936279573
0.17550754169766367,0.37004962566208116
0.1695103017757221,0.3171283811896001
0.18646429688089616,0.588342008838819
0.18337807678623413,0.3527214618658162
0.1869292514366422,0.42541433197068523
0.18987396362303371,0.4181148316719121
0.18336459984258932,0.3168077545897132
0.1806422572263372,0.3561807402103079
0.17677437440027602,0.3429061832042138
0.18114090414119527,0.4361800474693014
0.17151162790697677,0.2786719601533979
0.16124219684962968,0.2652007486465702
0.1599012409569708,0.3694354912160504
0.15256304514237046,0.293589957020703
0.14446340201183816,0.27916136842073647
0.1416804131491844,0.34742130115122505
0.14639060495304634,0.4531622658629049
0.14002274908087245,0.2985801505579476
0.14356044678763574,0.43708163554481355
0.14635691259393432,0.42545713739249513
0.14153216676909144,0.3198040779868282
0.13277889187178576,0.2617044084397214
0.1282775926944184,0.31807018832580036
0.13088538128968963,0.4270619999259107
0.12337872367952905,0.27096062162669665
0.12086527368977154,0.3453429513807916
0.13007676467100088,0.539089143256532
0.12175475197032917,0.2576656900086224
0.12839888518722173,0.4956993692505506
0.12886383974296775,0.3934995784670075
0.1337964011169691,0.46312395926229954
0.12375607810158383,0.23533155018744964
0.12261727636359716,0.367757262054448
0.11099341246994641,0.1960140017658587
0.11533972679539843,0.46458595913910683
0.10883710148677642,0.27328581226078985
0.1057710968075816,0.32988400867730105
0.11608769716768552,0.5811374288322322
0.11310929262218197,0.33481981804500405
0.11926151739603885,0.4951276795647158
0.11091255080807753,0.2458609256142786
0.11216590656704509,0.408838359020408
0.10926836368341042,0.3345157374481178
0.11064301193518129,0.41138921428775926
0.10562958889931105,0.29555910891076387
0.11116187426550658,0.49088297990251123
0.11706477558193443,0.4924932604692112
0.1235337085314444,0.4969684060469892
0.12259706094812996,0.37100897039646064
0.12022511886664294,0.34740495739156374
0.12879645502474368,0.5292034360712099
0.12292050759560542,0.29457255935812154
0.12336524673588427,0.3934854881616857
0.1243086327910211,0.40157155837706127
0.1224353376243922,0.35597752742507643
0.11839225453094844,0.31996907689492426
0.11115513579368416,0.2636838598546861
0.10221318368535111,0.22523691905136214
0.10348675485978588,0.41109892983583873
0.1081430388890686,0.4760799589696007
0.10190321398152043,0.27084684117127455
0.10378324761997176,0.4230517649919436
0.10840583929014241,0.4751826147889272
0.10701771409472674,0.3606184050462273
0.10610802039870192,0.36923278923500114
0.11217938351068991,0.5005784411507919
0.11044759625233151,0.3553234391831223
0.10447057174585718,0.27794684563098554
0.10150564414399844,0.3295323310827331
0.09892480943601686,0.3354795714894716
0.0946391413569665,0.29982916851824964
0.09761080743064765,0.44875557877122896
0.09872939375316708,0.40906912807399154
0.10363500123987882,0.48530860467999004
0.10350023180343068,0.3836282268312121
0.09887764013326002,0.29703214710721526
0.09840594710569159,0.376711926946524
0.0989585017951289,0.39742132954928844
0.10036010393418938,0.41447136398777
0.10298810794492783,0.43847001774595507
0.10527244989272352,0.4305143717718297
0.11127642828648748,0.5001801641249959
0.11676828282174855,0.4849944102442321
0.11840573147459327,0.4143264372954604
0.11347990857241431,0.3028287856830754
0.11149205938480448,0.3511495710698986
0.10818346972000303,0.3268333556547023
0.11665372880076764,0.5427891861874877
0.11796099233431447,0.40868139757262256
0.11916717879052517,0.406721592037082
0.1210404739571541,0.41774380008178935
0.12161324406205863,0.3957169955213404
0.12408626322088172,0.4270189564732856
0.12625605114769653,0.4213217533719803
0.12473315651583271,0.3620052309938185
0.11667394421623487,0.256526226934471
0.11190984463779366,0.3044018173935823
0.11872243965024637,0.5080733993857961
0.1176779765177734,0.3685879949707593
0.12284638440555896,0.4742556767836891
0.1250229108041962,0.4217769880717105
0.12399192461536805,0.3696708763586121
0.12032619594397904,0.3268880281683404
0.12327764660219297,0.43541808025565226
0.11705129863828961,0.284870096824144
0.11155944410302854,0.2921985411256529
0.11254999946092226,0.40399619733658815
0.11282627680564092,0.39113942396090556
0.11748256083492362,0.46884859713655763
0.10634386691248612,0.19619959676634813
0.10325090834600166,0.32809536986533283
0.10100699722914039,0.3428275476770519
0.09848680876756045,0.33643496412747836
0.09069039686903645,0.22837812296551804
0.08873624004053865,0.3433767361529308
0.08750983816886071,0.35876270392712833
0.08918771765263987,0.4243056773378208
0.09104753587562399,0.42766848852678047
0.09372270918911926,0.44466135920335587
0.0945178488641632,0.4031149430095729
0.08525918858017703,0.19116143629818388
0.08523897316470981,0.38575486227094713
0.08389801727205098,0.35501039904194803
0.08571066619227825,0.4290698472846818
0.086950545007601,0.4149343003474858
0.08556241981218532,0.3545257093167431
0.08613518991708984,0.3995097710505335
0.08141825964140548,0.2775253031222769
0.0811150284093972,0.3788480529228801
0.0791743485245442,0.33884099267398193
0.08042096581168937,0.41738007594859894
0.08259749221032658,0.4398091502354714
0.07912044074996497,0.3027948896586356
0.07857462453235005,0.37257567564453786
0.08108807452210758,0.4495005734301265
0.08550177356578366,0.49402624916828836
0.08578478938232471,0.39279389430357126
0.08525245010835464,0.37390946310513323
0.07815010080753847,0.22092117362009947
0.07541428124764153,0.31699270284140857
0.07484824961455941,0.3714030069225701
0.07426874103783247,0.37094007199505563
0.07736843807613934,0.4685951075231455
0.07242913823031558,0.26001913236962015
0.07688326810492609,0.5074652484928198
0.07741560737889619,0.3999097451072617
0.07798163901197831,0.4006797921801958
0.0789452404825824,0.41066080991749104
0.0807781048182769,0.4321589445616891
0.08167432157065692,0.4081954507436848
0.08613518991708984,0.4944259658882828
0.08367564770191158,0.32954603105235963
0.08556241981218532,0.4309359730125292
0.08999633427132861,0.4890625214776592
0.08772546926717771,0.3360615784251962
0.08803543897100839,0.39324357585559744
0.08585217410054878,0.33696038407984363
0.08721334540867484,0.4176927170815509
0.09216612219814342,0.4989996876408932
0.09314320061239233,0.40731818537704445
0.0951714806309366,0.4295672352462195
0.08960550290562905,0.26973883169223006
0.10290724628305895,0.6812999861177799
0.10679534452458735,0.46166558669428365
0.10657971342627034,0.38218932864936106
0.10907968647238304,0.4331096318097642
0.10398540177464394,0.292814269330864
0.10241533784002328,0.3560679498251854
0.10060942739161842,0.351022327329481
0.09998948798395704,0.37393053738618637
0.10484792616791194,0.483157838678776
0.10808913111448933,0.44798468785438567
0.10641125163071018,0.35518520481427684
0.10342610861338422,0.33015616949494436
0.10215927591077185,0.3617647297068113
0.11081147373074143,0.5552943134141469
0.11224002975709158,0.4120221650677686
0.11049476555508836,0.355099314773291
0.1087023320503283,0.3537674618965765
0.10450426410496923,0.30898816971293275
0.10540048085734925,0.40335671993808747
0.11246913779905339,0.5202295110821376
0.11133707453288914,0.36607546508627026
0.11493541848605406,0.45090602736460794
0.1185539778546862,0.44928859033415663
0.11587206606936852,0.34087455307446635
0.11100688941359124,0.30210320563884
0.10843953164925446,0.3399433521995201
0.1063034360815517,0.3468323876989033
0.10516463434356503,0.3648144602697684
0.10796783862168603,0.4394827558951653
0.10013773436404999,0.24121339359206911
0.09924151761166995,0.3683702234227744
0.0919302756843592,0.23929121542725645
0.09135750557945467,0.3738299082374737
0.095178219102759,0.4694108241695367
0.09525234229280548,0.38777649840478107
0.09323753921790601,0.3440935350830407
0.09616203598883032,0.44865719110961366
0.0929006156267857,0.31864961204024705
0.096903267889295,0.4719730478593386
0.10208515272072538,0.49279770807074774
0.10397866330282154,0.4232516738154539
0.10459860271048292,0.3981337158523689
0.10803522333991007,0.4518596446508748
0.1106497504070037,0.4346165148522912
0.11606074328039591,0.4840756926599839
0.11387073993811386,0.3484186188824584
0.10974679518280127,0.313700869923696
0.11698391392006555,0.5181447162230051
0.1261078047676036,0.5425242785405098
0.12659297473881684,0.3939503145226201
0.1269838061045164,0.39242497736561766
0.13021153410744898,0.43727217044083194
0.13400529374346368,0.4447726801661383
0.125898912141109,0.2645817760277312
0.12842583907451133,0.42652470794909997
0.1379001304568145,0.5344209411196261
0.14306179987277767,0.46154315660058337
0.1389580705329323,0.32845759300242044
0.1388839473428858,0.38515179189973037
0.14618845079837414,0.4920729738456964
0.14640408189669116,0.38919722631165976
0.1472935601772488,0.39846673043667213
0.1400699183836293,0.2873978259759764
0.14359413914674776,0.4368712201711055
0.15156575131265432,0.4980339474743736
0.15017088764541622,0.3676687346091702
0.1450361721167427,0.3172943779029191
0.14089875041778527,0.32875891676537167
0.13595945057196152,0.31565182577967155
0.13662655928237974,0.39609534835177224
0.15623551228558186,0.6749600910053337
0.1536883699367123,0.3533317218389975
0.15513714137852963,0.40523836716540984
0.15321667690914387,0.3612525792726566
0.14972614850513744,0.3402790619146551
0.15387704714773967,0.4421110726105084
0.15775840691744566,0.437101404928753
0.15549428038511715,0.35726316681589915
0.1537018468803571,0.3629698756733939
0.15971930221776587,0.4651889715654718
0.15469914071007324,0.32278142625446515
0.15152532048171988,0.3448401075712969
0.1515320589535423,0.38631500045054423
0.15892416254272193,0.48458774144697236
0.16003601039341897,0.4003455712350782
0.16888362389623834,0.4978229828462618
0.1701235027115611,0.40106034079836245
0.17130273528048215,0.4002337969203541
0.17331753835538163,0.4099980758328825
0.17513018727560892,0.4073687624074277
0.1800021024032086,0.4424756603020915
0.17722585201237723,0.35502351148396744
0.1755547110004205,0.3671546938002845
0.17473935590990936,0.37683373040912155
0.17860723873597054,0.4309813439019266
0.1812958889931106,0.41667443163679657
0.18395084689113866,0.4158547474207567
0.18521767959375102,0.40016268795950427
0.18176758202067902,0.3485234495876561
0.17791317613826269,0.34331971857674526
0.17896437774255805,0.39817585899318775
0.18261662947030222,0.4275061861401601
0.17985385602311568,0.35561181399719477
0.17531212601481388,0.33514024481517574
0.17509649491649687,0.38373822762413345
0.1770843441041067,0.4091810470540731
0.17872853122877383,0.4050031039974432
0.18320961499067398,0.43694000181197246
0.18498857155178922,0.4058747522739367
0.17941585535465926,0.32525382626141486
0.17951693243199535,0.38736496659300834
0.1789980701016701,0.3803784413128737
0.1736005541719227,0.325229297234472
0.17841856152494315,0.4423344640607081
0.18023794891699282,0.40685138843877267
0.18376216968011128,0.42578254972461116
0.1915855354659249,0.47238276956631675
0.18686860519024057,0.33636469247415157
0.18411930868669882,0.3564425697016485
0.18250207544932132,0.36844896103576463
0.19003568694677148,0.46975465592476395
0.1932095071751248,0.4200434666087574
0.1893011935181292,0.34525377832739856
0.19141707367036476,0.4088567670302741
0.18934836282088605,0.3643389535834719
0.18774460652715336,0.3690757702028822
0.1918752897542884,0.4307672093858277
0.193627292428114,0.40471749283507374
0.20012991773673602,0.4542488431980304
0.21023762547034536,0.48858024567240627
0.20744789813586917,0.3593130524339559
0.2068549126154974,0.380429096123732
0.20356653836616317,0.3539918422224206
0.20255576759280225,0.37615994256914526
0.2527034748951493,0.8880557332433707
0.25921283867559375,0.43860105800860816
0.26706315834869704,0.4478239482508677
0.2517196580090781,0.2693272365329907
0.26476533945725655,0.4915987299806272
0.26178019643993056,0.363287306287549
0.26072899483563516,0.3780568436736846
0.2572452049034512,0.3590463126295161
0.24930054662483428,0.32341555400664757
0.25627486496102464,0.44309839237099363
0.25802686763485033,0.4001283060106335
0.26282465957240353,0.4240427680746413
0.2732019061789091,0.46654639874638054
0.2865103880281614,0.4853674428069258
0.2841923537212537,0.3697502270289452
0.2844551541223275,0.38810821282514635
0.29197528867613287,0.44005548124729654
0.28683383467563695,0.3503596569820007
0.28669906523918876,0.38526854482966516
0.2812004722321053,0.3471702839127102
0.2705739021681707,0.30928846000663196
0.27895656111524403,0.4492716997709833
0.2738420610020377,0.3489016498696569
0.27185421181442787,0.37145097802756216
0.2818271501115891,0.4608831560398146
0.2825751204838762,0.3916287671228373
0.2819282271889252,0.3815643205717467
0.28048619421893023,0.3758115900866436
0.28318158294789275,0.4057892049650228
0.2810050565492555,0.3705761788598284
0.2825212127092969,0.39720992123419313
0.2926087050274391,0.4589216849566219
0.30659103405893195,0.48355420330859805
0.3031678903731496,0.3634727345994645
0.3098524544209766,0.4311519946797679
0.3168132958135222,0.4320099566380771
0.3140033530635788,0.3681450496255735
0.30351155243609235,0.3181189627791494
0.2953512630591584,0.33144183064262345
0.2973930200213475,0.4003071446363199
0.30458296945585495,0.4354769628503357
0.3030533363521687,0.3759919973178474
0.3060721717286067,0.406522381047022
0.311799872777652,0.42435948713764204
0.3116583648693814,0.3853003234544508
0.31016242412480727,0.376442279220244
0.2950817241862621,0.28713080906512545
0.2967393882545741,0.3976684209668563
0.2978512361052711,0.3938581593437199
0.30281412060247326,0.42016968030297763
0.2977434205561126,0.3521059827412988
0.2835252450108355,0.28894327722194946
0.282406658688316,0.37819237186543636
0.27207658138456725,0.3117509129060465
0.2916046727259005,0.5322953417479013
0.29286476695669045,0.3950265270317708
0.28980550074931805,0.3649486598906509
0.28884526851462516,0.37947735925997267
0.2885454065185281,0.38411114206172986
0.31326212116311414,0.560670664068652
0.30450884626580843,0.3292713326115461
0.31426615346465264,0.4515180067495434
0.31458286164030574,0.38827950615261553
0.30686731140365064,0.33623201409884856
0.3123726428825565,0.42278499681952714
0.3255059244644262,0.47191909335494986
0.3287403909391813,0.40648683767346383
0.32935359187502017,0.3900291486219827
0.32365284471326455,0.3509275753756036
0.3239156451143384,0.38788091165913996
0.31389553751442034,0.3231517463416399
0.3083699906200472,0.35034465749188703
0.30386195297085744,0.35643284224546207
0.3012069950728294,0.3684218055089846
0.2991315457515283,0.37218647921900333
0.3032757059223081,0.4144498759679225
0.3039225992172591,0.3905715438377256
0.29259522808379423,0.31028163070953724
0.29303996722407305,0.3893212343713691
0.2900346087912799,0.3653359398033868
0.2814026263867775,0.32561200275226315
0.2731682138197971,0.32665013682603494
0.277164127610484,0.41599669296046693
0.2812880723657966,0.41651270416644215
0.27919240762902825,0.37105729109605223
0.28294573643410853,0.4135928277382567
0.2871303274358228,0.4163371987021281
0.28989310088300935,0.4058194322821364
0.2985385602311565,0.4469626028731487
0.2900143933758127,0.32805588492374915
0.2935453526107535,0.41102125194363204
0.29790514387985034,0.4164773950516384
0.30514226261711463,0.43571576491819003
0.301847149895958,0.36422081893113
0.3053848476027213,0.41010497973572935
0.3121772271997067,0.43154867222493726
0.3131138747830212,0.39234067947758855
0.30311398259857036,0.32112960928699885
0.3073861737339759,0.4149435944925007
0.29285129001304566,0.2898636836259202
0.281112872098414,0.30458293234252654
0.28047271727528544,0.38158915242777525
0.2756614483940874,0.3513021587951756
0.2863621416480685,0.4652375843413047
0.29099821026188394,0.4191924088943808
0.2783029293484707,0.29737169252356754
0.26851192979051436,0.31460844015121364
0.26968442388761305,0.3951106295826714
0.27413855376222357,0.4198342340177458
0.2715711959978868,0.36716427589191425
0.28198213496350444,0.4642423152954973
0.2899402701857662,0.44368469685816764
0.3000412394475531,0.45717663378632545
0.3050681394270681,0.42035923498481653
0.30644278767883903,0.3954073354588306
0.31061390173690845,0.41396273304518305
0.31314756714213327,0.40284996970066794
0.32248035061616587,0.44697194484269165
0.32440081508555163,0.3983673540435316
0.3313818718935645,0.4301039247130586
0.32620672553395647,0.35437621577393236
0.33019590085282097,0.4111613626256905
0.3289694989811431,0.3786509080213246
0.3364559411758364,0.4326333101584284
0.3333225517784175,0.3672297426562438
0.3250477083805026,0.3355935816763338
0.3187135448674408,0.34649116352753534
0.3218536727366821,0.40631089528664377
0.31901677609944906,0.36825464444652745
0.3211663486107966,0.39996195283957914
0.3119346422141001,0.3276219908717633
0.31190094985498806,0.3860051857704581
0.30344416771786825,0.3309628122582254
0.31055999396232925,0.4340074033424679
0.3033969984151114,0.33921728296469866
0.3107621481170014,0.4356891939321088
0.31689415747539107,0.42644149614279414
0.310971040743496,0.3481232850453465
0.3179116667205744,0.43171446301973043
0.32081594807603153,0.4048487098400324
0.32258142769350195,0.3974448049335365
0.3262202024776013,0.40922413151952314
0.3342187685307975,0.43622171329669573
0.33103147135879935,0.3667748334021291
0.3209709329279468,0.3242454129750571
0.3268940496598419,0.4238482416781719
0.3258158941682569,0.3794998957569839
0.32884146801651737,0.40516042756507126
0.3297713771280094,0.3919920015495224
0.330478916669362,0.3906007623897605
0.330478916669362,0.3862253316328974
0.321355025821824,0.3299227405847794
0.3173186812002027,0.3606173056829625
0.32020948561201495,0.4047965827927475
0.32761506614483943,0.4333754127317884
0.34888168321635343,0.5185954421842667
0.3548587077228278,0.42118121512984974
0.36301225862793934,0.4331144118112943
0.3661928173281151,0.40410874203777203
0.36543810848400554,0.3820183458882566
0.37670483337106875,0.4491581891034213
0.3744878761414971,0.37420923772531534
0.3815902254423133,0.4249466060465424
0.3976547422669297,0.4721909513127754
0.398753113173982,0.3918674764405618
0.4002288385030889,0.39378516874355385
0.4102624230466518,0.4374373121168301
0.41198073336136537,0.39478286432903403
0.40803198887343534,0.36664117114484807
0.4176949574667659,0.43460986515955446
0.4197771452598894,0.39641194043386047
0.4113742708973488,0.3453186224319785
0.42148197863095815,0.43642876420533383
0.4425936108505568,0.4885880126522015
0.4639680434712294,0.4849545219003804
0.4564950782201809,0.3532866880547932
0.469136451359015,0.4428505531747914
0.46605023126435297,0.37277101796303996
0.48284250304578924,0.4599123412674868
0.483617427305366,0.38950833810267504
0.48280881068667725,0.38280503864664517
0.4947493827559811,0.4368156858911326
0.48638020075255256,0.35161665042325996
0.48607696952054424,0.38494995937001464
0.46477666008991814,0.2965819958703363
0.45143448588155377,0.3275185426769669
0.5260024150683011,0.7239594806137657
0.5278824487067524,0.39354063361199654
0.5297355284579142,0.39341023094707434
0.5271007859753534,0.3760452304933739
0.5201062522236957,0.35906562992196694
0.5298702978943622,0.42464575231744783
0.5512110381559229,0.46866070181833547
0.5711434378066004,0.4602569183935997
0.5760423068214898,0.4037889563123824
0.5944787657275933,0.4517654725162087
0.6212237603907236,0.47836897326435013
0.5865812767517332,0.2719845882743404
0.5747619971752326,0.3449595118633677
0.6161294756929844,0.5336091700309644
0.6092225420750181,0.36326094675602916
0.5893844810298542,0.31952328619761167
0.5886600953089455,0.383708175571028
0.5928278401311037,0.4007254842995332
0.5991822190596328,0.40817849953310187
0.6057454906146564,0.40866100181486525
0.6129084861618743,0.41044717904452227
0.6321400847430216,0.4505014131090193
0.6369446151523972,0.4017970447197228
0.6204960054339037,0.3333147026597983
0.6049233970523229,0.33481152017819077
0.6056376750654979,0.38864394555100423
0.6056848443682548,0.386384864046692
0.5995460965380427,0.36546493583040746
0.5962577222887084,0.3749912478129603
0.5756447369839678,0.31541884124120295
0.5898157432264881,0.43663672756363214
0.5839195803818826,0.3657517514174718
0.571931839009822,0.3441816078690103
0.5832861640305765,0.4268775191036274
0.6073896777393235,0.47085311008836483
0.5910151912108764,0.33100369433559274
0.5762916302789188,0.3352030717730013
0.5858198294358012,0.42008274698528
0.5630437946760681,0.3066023142705914
0.5673294627551185,0.4018102597777769
0.5102478679475154,0.18020604180335373
0.5326061174542592,0.475891642789014
0.5521813780983493,0.46145490196954164
0.5336775344740219,0.3176196619185517
0.5535897187092322,0.4625970222574451
0.5879761404189712,0.5133954855587175
0.5881243867990642,0.3867416976982037
0.5789937574797037,0.354429849126862
0.5563457536845964,0.3061216254782007
0.575051751463596,0.45506436833504715
0.5950784897197874,0.4575407394034494
0.6176591087966706,0.46394360726620265
0.6069718924863344,0.35077968789458247
0.6060150294875527,0.3829961788134706
0.5947954739032463,0.34830291069948605
0.6024166855343878,0.41246853324305627
0.6059274293538615,0.3981622497994175
0.6123761468879041,0.40802531712138934
0.6344379036344622,0.4600241642943188
0.6326117777705901,0.3803280978628834
0.6199434507444663,0.3451971364756612
0.6354486744078232,0.43746205951800116
0.6395321883322013,0.39939163364531827
0.6365942146176322,0.3768127285548389
0.6962229517741049,0.5781395356489074
0.7142146715399295,0.4391948452185199
0.7642949941240526,0.5299695610368376
0.770521342087956,0.40293055654808463
0.7413774514560489,0.3086618043685119
0.7355351963860227,0.3700681832851949
0.771700574656877,0.4870340724324199
0.7813837586656748,0.41195693336209005
0.8218348050155794,0.4923912764505151
0.8121179286476696,0.3619732047067014
0.8113766967472049,0.38435326032842804
0.8174547983310153,0.4015902846995796
0.8115249431272978,0.37134615378918717
0.8404329872454206,0.45928925078126487
0.870149647982232,0.45875941942762477
0.885445979019094,0.4222911041949803
0.8793813543789285,0.37217225339866483
0.9103783247619973,0.45854571816044815
0.8780336600144473,0.31332097179494356
0.849664693642117,0.31993523442806004
0.7926572220245603,0.2485844404202289
0.846430227167362,0.5253563983512489
0.848519153432308,0.3912881103080454
0.832279436340309,0.34696283956495866
0.8292471240202263,0.3787516645729308
0.8343683626052549,0.3988935017957165
0.8233846535347328,0.35922156359164564
0.8611874804584317,0.480399629086287
0.8446782244935365,0.3468961394495665
0.8606484027126391,0.425011068114636
0.882076743107891,0.4373048728440887
0.905863548640985,0.4415543978706382
0.8552576252547143,0.27159390754725476
0.8676564134079418,0.41596638101242167
0.8622656359500167,0.3734785387065202
0.8482496145594117,0.3528772442279386
0.7918486054058717,0.24982239078900378
0.812737868055331,0.4403287101522144
0.7914442970965273,0.3324866885134855
0.8292471240202263,0.48418480817497567
0.8228455757889404,0.37039011892937296
0.7666467207900723,0.24613153708916036
0.7533719312999321,0.35071801029727634
0.7586279393214089,0.40053073446385407
0.7487223857424719,0.3594511474478045
0.6957579972183588,0.24117953037441786
0.7853122877381375,0.650057955170301
0.7326848228051449,0.24878986126397812
0.7196121874696768,0.34964503559153653
0.6736558096408665,0.2553029228579623
0.6992620025660101,0.4641260654265613
0.6632785630343608,0.2807446114281193
0.7041137022781425,0.5123907451135626
0.7026312384772132,0.38190949122710177
0.7314045131588878,0.47016780014157483
0.7793824325344201,0.5207127661262395
0.7924550678698882,0.42062290465405294
0.8246649631809899,0.46958566546491526
0.8362551347155287,0.4150540827584115
0.8727776519929704,0.47581519062413696
0.8542468544813533,0.34266439246017
0.862669944259361,0.40645366559415697
0.8305948183847074,0.30994515006916573
0.8685324147448545,0.4799181226184514
0.8489234617416523,0.3399054646156942
0.8613222498948799,0.4161874515993015
0.843195760692607,0.34305021527577184
0.7891532166769092,0.2547458310676979
0.8011476965207922,0.41739681753404595
0.7245312719000334,0.19008217341221365
0.7124694073379262,0.35209526245615086
0.7192078791603325,0.4056137545427573
0.6896933725781932,0.30209614163213117
0.7142214100117519,0.4591189386154179
0.725205119082274,0.4177512860569378
0.7845710558376728,0.5540508925933707
0.7995978480016388,0.4255043924992164
0.7993283091287425,0.38553396201824025
0.7836950545007602,0.3461124264974284
0.7756762730320967,0.36524142314912555
0.7607168655863549,0.34667586747588763
0.791039988787183,0.4679630028656126
0.7784390464792832,0.35355555117248255
0.7801910491531089,0.390840879419851
0.8112554042544016,0.46787952629444124
0.8290449698655541,0.4312026230100494
0.8326163599314294,0.3950618592868992
0.8148267943202769,0.3423974921556613
0.8150963331931731,0.38690383061057637
0.7851775183016895,0.3109367518913169
0.7976436911731409,0.4187860336407945
0.8245975784627658,0.4555309907748817
0.8385462151351468,0.4209232225756762
0.8574139362378842,0.43238194636486477
0.8922518355597243,0.46958184223276084
0.8906346023223469,0.3825063260241876
0.9051897014587444,0.4197569403631905
0.9051223167405203,0.3860725800271371
0.9271571195997886,0.436178812189483
0.8835592069088204,0.28972854558054995
0.9113217108171341,0.4506940772004927
0.9194752617222456,0.4045843481424763
0.9266854265722202,0.40231670317356893
0.9651621006781599,0.47143029908458545
0.9643534840594711,0.3845058317534823
0.937197442615174,0.3284305344956142
0.9429251436642192,0.39876730453106124
0.9505396168235383,0.40279784191634943
0.943666375564684,0.3713855034203688
0.9485854599950405,0.3969230857604026
0.9356812864551326,0.3583070801585923
0.8913758342228115,0.28905281997423626
0.909165399833964,0.4271744519157867
0.9135454065185282,0.3961109214277018
0.9395559077530161,0.4446500532309046
0.9779651971407317,0.4701199286192486
0.9999999999999999,0.4324702954336511
0.9915769102219922,0.3689358669864019
0.9756067320028894,0.35316694768995094
0.9960243016247803,0.42917941757318573
0.9824125885435199,0.3581743930500025
0.9857144397364987,0.39312373701100306
0.953504544425397,0.31915536557344903
0.9411731409903936,0.35968344371221284
0.9873990576921003,0.487020312476119
0.9798519692510053,0.37053691774998504
0.9851079772724821,0.39723506931100994
0.9533023902707247,0.31995660895580413
